DateTime,Average Transaction Fees
2009-01-03T00:00:00.000Z,
2009-01-09T00:00:00.000Z,
2009-01-10T00:00:00.000Z,
2009-01-11T00:00:00.000Z,
2009-01-12T00:00:00.000Z,
2009-01-13T00:00:00.000Z,
2009-01-14T00:00:00.000Z,
2009-01-15T00:00:00.000Z,
2009-01-16T00:00:00.000Z,
2009-01-17T00:00:00.000Z,
2009-01-18T00:00:00.000Z,
2009-01-19T00:00:00.000Z,
2009-01-20T00:00:00.000Z,
2009-01-21T00:00:00.000Z,
2009-01-22T00:00:00.000Z,
2009-01-23T00:00:00.000Z,
2009-01-24T00:00:00.000Z,
2009-01-25T00:00:00.000Z,
2009-01-26T00:00:00.000Z,
2009-01-27T00:00:00.000Z,
2009-01-28T00:00:00.000Z,
2009-01-29T00:00:00.000Z,
2009-01-30T00:00:00.000Z,
2009-01-31T00:00:00.000Z,
2009-02-01T00:00:00.000Z,
2009-02-02T00:00:00.000Z,
2009-02-03T00:00:00.000Z,0.012968
2009-02-04T00:00:00.000Z,
2009-02-05T00:00:00.000Z,
2009-02-06T00:00:00.000Z,
2009-02-07T00:00:00.000Z,
2009-02-08T00:00:00.000Z,
2009-02-09T00:00:00.000Z,
2009-02-10T00:00:00.000Z,
2009-02-11T00:00:00.000Z,
2009-02-12T00:00:00.000Z,
2009-02-13T00:00:00.000Z,
2009-02-14T00:00:00.000Z,
2009-02-15T00:00:00.000Z,
2009-02-16T00:00:00.000Z,
2009-02-17T00:00:00.000Z,
2009-02-18T00:00:00.000Z,
2009-02-19T00:00:00.000Z,
2009-02-20T00:00:00.000Z,
2009-02-21T00:00:00.000Z,
2009-02-22T00:00:00.000Z,
2009-02-23T00:00:00.000Z,
2009-02-24T00:00:00.000Z,
2009-02-25T00:00:00.000Z,
2009-02-26T00:00:00.000Z,
2009-02-27T00:00:00.000Z,
2009-02-28T00:00:00.000Z,
2009-03-01T00:00:00.000Z,
2009-03-02T00:00:00.000Z,
2009-03-03T00:00:00.000Z,
2009-03-04T00:00:00.000Z,
2009-03-05T00:00:00.000Z,
2009-03-06T00:00:00.000Z,
2009-03-07T00:00:00.000Z,
2009-03-08T00:00:00.000Z,
2009-03-09T00:00:00.000Z,
2009-03-10T00:00:00.000Z,
2009-03-11T00:00:00.000Z,
2009-03-12T00:00:00.000Z,
2009-03-13T00:00:00.000Z,
2009-03-14T00:00:00.000Z,
2009-03-15T00:00:00.000Z,
2009-03-16T00:00:00.000Z,
2009-03-17T00:00:00.000Z,
2009-03-18T00:00:00.000Z,
2009-03-19T00:00:00.000Z,
2009-03-20T00:00:00.000Z,
2009-03-21T00:00:00.000Z,
2009-03-22T00:00:00.000Z,
2009-03-23T00:00:00.000Z,
2009-03-24T00:00:00.000Z,
2009-03-25T00:00:00.000Z,
2009-03-26T00:00:00.000Z,
2009-03-27T00:00:00.000Z,
2009-03-28T00:00:00.000Z,
2009-03-29T00:00:00.000Z,
2009-03-30T00:00:00.000Z,
2009-03-31T00:00:00.000Z,
2009-04-01T00:00:00.000Z,
2009-04-02T00:00:00.000Z,
2009-04-03T00:00:00.000Z,
2009-04-04T00:00:00.000Z,
2009-04-05T00:00:00.000Z,
2009-04-06T00:00:00.000Z,
2009-04-07T00:00:00.000Z,
2009-04-08T00:00:00.000Z,
2009-04-09T00:00:00.000Z,
2009-04-10T00:00:00.000Z,
2009-04-11T00:00:00.000Z,
2009-04-12T00:00:00.000Z,
2009-04-13T00:00:00.000Z,
2009-04-14T00:00:00.000Z,
2009-04-15T00:00:00.000Z,
2009-04-16T00:00:00.000Z,
2009-04-17T00:00:00.000Z,
2009-04-18T00:00:00.000Z,
2009-04-19T00:00:00.000Z,
2009-04-20T00:00:00.000Z,
2009-04-21T00:00:00.000Z,
2009-04-22T00:00:00.000Z,
2009-04-23T00:00:00.000Z,
2009-04-24T00:00:00.000Z,
2009-04-25T00:00:00.000Z,
2009-04-26T00:00:00.000Z,
2009-04-27T00:00:00.000Z,
2009-04-28T00:00:00.000Z,
2009-04-29T00:00:00.000Z,
2009-04-30T00:00:00.000Z,
2009-05-01T00:00:00.000Z,
2009-05-02T00:00:00.000Z,0.000234
2009-05-03T00:00:00.000Z,
2009-05-04T00:00:00.000Z,
2009-05-05T00:00:00.000Z,
2009-05-06T00:00:00.000Z,
2009-05-07T00:00:00.000Z,
2009-05-08T00:00:00.000Z,
2009-05-09T00:00:00.000Z,
2009-05-10T00:00:00.000Z,
2009-05-11T00:00:00.000Z,0.000826
2009-05-12T00:00:00.000Z,
2009-05-13T00:00:00.000Z,
2009-05-14T00:00:00.000Z,
2009-05-15T00:00:00.000Z,
2009-05-16T00:00:00.000Z,
2009-05-17T00:00:00.000Z,
2009-05-18T00:00:00.000Z,
2009-05-19T00:00:00.000Z,
2009-05-20T00:00:00.000Z,
2009-05-21T00:00:00.000Z,
2009-05-22T00:00:00.000Z,
2009-05-23T00:00:00.000Z,
2009-05-24T00:00:00.000Z,
2009-05-25T00:00:00.000Z,
2009-05-26T00:00:00.000Z,
2009-05-27T00:00:00.000Z,
2009-05-28T00:00:00.000Z,
2009-05-29T00:00:00.000Z,
2009-05-30T00:00:00.000Z,
2009-05-31T00:00:00.000Z,
2009-06-01T00:00:00.000Z,
2009-06-02T00:00:00.000Z,
2009-06-03T00:00:00.000Z,
2009-06-04T00:00:00.000Z,
2009-06-05T00:00:00.000Z,
2009-06-06T00:00:00.000Z,
2009-06-07T00:00:00.000Z,
2009-06-08T00:00:00.000Z,
2009-06-09T00:00:00.000Z,
2009-06-10T00:00:00.000Z,
2009-06-11T00:00:00.000Z,
2009-06-12T00:00:00.000Z,
2009-06-13T00:00:00.000Z,
2009-06-14T00:00:00.000Z,
2009-06-15T00:00:00.000Z,
2009-06-16T00:00:00.000Z,
2009-06-17T00:00:00.000Z,
2009-06-18T00:00:00.000Z,
2009-06-19T00:00:00.000Z,
2009-06-20T00:00:00.000Z,
2009-06-21T00:00:00.000Z,
2009-06-22T00:00:00.000Z,
2009-06-23T00:00:00.000Z,
2009-06-24T00:00:00.000Z,
2009-06-25T00:00:00.000Z,
2009-06-26T00:00:00.000Z,
2009-06-27T00:00:00.000Z,
2009-06-28T00:00:00.000Z,
2009-06-29T00:00:00.000Z,
2009-06-30T00:00:00.000Z,
2009-07-01T00:00:00.000Z,
2009-07-02T00:00:00.000Z,
2009-07-03T00:00:00.000Z,
2009-07-04T00:00:00.000Z,
2009-07-05T00:00:00.000Z,
2009-07-06T00:00:00.000Z,
2009-07-07T00:00:00.000Z,
2009-07-08T00:00:00.000Z,
2009-07-09T00:00:00.000Z,
2009-07-10T00:00:00.000Z,
2009-07-11T00:00:00.000Z,
2009-07-12T00:00:00.000Z,
2009-07-13T00:00:00.000Z,
2009-07-14T00:00:00.000Z,
2009-07-15T00:00:00.000Z,
2009-07-16T00:00:00.000Z,
2009-07-17T00:00:00.000Z,
2009-07-18T00:00:00.000Z,
2009-07-19T00:00:00.000Z,
2009-07-20T00:00:00.000Z,0.001972
2009-07-21T00:00:00.000Z,
2009-07-22T00:00:00.000Z,
2009-07-23T00:00:00.000Z,
2009-07-24T00:00:00.000Z,
2009-07-25T00:00:00.000Z,
2009-07-26T00:00:00.000Z,
2009-07-27T00:00:00.000Z,
2009-07-28T00:00:00.000Z,
2009-07-29T00:00:00.000Z,
2009-07-30T00:00:00.000Z,
2009-07-31T00:00:00.000Z,
2009-08-01T00:00:00.000Z,
2009-08-02T00:00:00.000Z,
2009-08-03T00:00:00.000Z,
2009-08-04T00:00:00.000Z,
2009-08-05T00:00:00.000Z,
2009-08-06T00:00:00.000Z,
2009-08-07T00:00:00.000Z,0.001605
2009-08-08T00:00:00.000Z,
2009-08-09T00:00:00.000Z,
2009-08-10T00:00:00.000Z,
2009-08-11T00:00:00.000Z,
2009-08-12T00:00:00.000Z,
2009-08-13T00:00:00.000Z,
2009-08-14T00:00:00.000Z,
2009-08-15T00:00:00.000Z,
2009-08-16T00:00:00.000Z,
2009-08-17T00:00:00.000Z,
2009-08-18T00:00:00.000Z,
2009-08-19T00:00:00.000Z,
2009-08-20T00:00:00.000Z,
2009-08-21T00:00:00.000Z,
2009-08-22T00:00:00.000Z,
2009-08-23T00:00:00.000Z,
2009-08-24T00:00:00.000Z,
2009-08-25T00:00:00.000Z,
2009-08-26T00:00:00.000Z,
2009-08-27T00:00:00.000Z,
2009-08-28T00:00:00.000Z,
2009-08-29T00:00:00.000Z,
2009-08-30T00:00:00.000Z,
2009-08-31T00:00:00.000Z,
2009-09-01T00:00:00.000Z,
2009-09-02T00:00:00.000Z,
2009-09-03T00:00:00.000Z,
2009-09-04T00:00:00.000Z,
2009-09-05T00:00:00.000Z,
2009-09-06T00:00:00.000Z,
2009-09-07T00:00:00.000Z,
2009-09-08T00:00:00.000Z,
2009-09-09T00:00:00.000Z,
2009-09-10T00:00:00.000Z,
2009-09-11T00:00:00.000Z,
2009-09-12T00:00:00.000Z,
2009-09-13T00:00:00.000Z,
2009-09-14T00:00:00.000Z,
2009-09-15T00:00:00.000Z,
2009-09-16T00:00:00.000Z,
2009-09-17T00:00:00.000Z,0.001412
2009-09-18T00:00:00.000Z,
2009-09-19T00:00:00.000Z,
2009-09-20T00:00:00.000Z,
2009-09-21T00:00:00.000Z,
2009-09-22T00:00:00.000Z,
2009-09-23T00:00:00.000Z,
2009-09-24T00:00:00.000Z,
2009-09-25T00:00:00.000Z,
2009-09-26T00:00:00.000Z,
2009-09-27T00:00:00.000Z,
2009-09-28T00:00:00.000Z,
2009-09-29T00:00:00.000Z,
2009-09-30T00:00:00.000Z,
2009-10-01T00:00:00.000Z,
2009-10-02T00:00:00.000Z,
2009-10-03T00:00:00.000Z,
2009-10-04T00:00:00.000Z,
2009-10-05T00:00:00.000Z,
2009-10-06T00:00:00.000Z,
2009-10-07T00:00:00.000Z,
2009-10-08T00:00:00.000Z,
2009-10-09T00:00:00.000Z,
2009-10-10T00:00:00.000Z,
2009-10-11T00:00:00.000Z,
2009-10-12T00:00:00.000Z,
2009-10-13T00:00:00.000Z,
2009-10-14T00:00:00.000Z,
2009-10-15T00:00:00.000Z,
2009-10-16T00:00:00.000Z,
2009-10-17T00:00:00.000Z,
2009-10-18T00:00:00.000Z,
2009-10-19T00:00:00.000Z,
2009-10-20T00:00:00.000Z,0.00125
2009-10-21T00:00:00.000Z,
2009-10-22T00:00:00.000Z,
2009-10-23T00:00:00.000Z,
2009-10-24T00:00:00.000Z,
2009-10-25T00:00:00.000Z,
2009-10-26T00:00:00.000Z,
2009-10-27T00:00:00.000Z,
2009-10-28T00:00:00.000Z,
2009-10-29T00:00:00.000Z,
2009-10-30T00:00:00.000Z,
2009-10-31T00:00:00.000Z,
2009-11-01T00:00:00.000Z,
2009-11-02T00:00:00.000Z,
2009-11-03T00:00:00.000Z,
2009-11-04T00:00:00.000Z,
2009-11-05T00:00:00.000Z,
2009-11-06T00:00:00.000Z,
2009-11-07T00:00:00.000Z,
2009-11-08T00:00:00.000Z,
2009-11-09T00:00:00.000Z,
2009-11-10T00:00:00.000Z,
2009-11-11T00:00:00.000Z,
2009-11-12T00:00:00.000Z,
2009-11-13T00:00:00.000Z,
2009-11-14T00:00:00.000Z,
2009-11-15T00:00:00.000Z,
2009-11-16T00:00:00.000Z,
2009-11-17T00:00:00.000Z,
2009-11-18T00:00:00.000Z,
2009-11-19T00:00:00.000Z,
2009-11-20T00:00:00.000Z,
2009-11-21T00:00:00.000Z,
2009-11-22T00:00:00.000Z,
2009-11-23T00:00:00.000Z,
2009-11-24T00:00:00.000Z,
2009-11-25T00:00:00.000Z,
2009-11-26T00:00:00.000Z,
2009-11-27T00:00:00.000Z,
2009-11-28T00:00:00.000Z,
2009-11-29T00:00:00.000Z,
2009-11-30T00:00:00.000Z,
2009-12-01T00:00:00.000Z,0.002973
2009-12-02T00:00:00.000Z,
2009-12-03T00:00:00.000Z,
2009-12-04T00:00:00.000Z,
2009-12-05T00:00:00.000Z,
2009-12-06T00:00:00.000Z,
2009-12-07T00:00:00.000Z,
2009-12-08T00:00:00.000Z,
2009-12-09T00:00:00.000Z,
2009-12-10T00:00:00.000Z,
2009-12-11T00:00:00.000Z,
2009-12-12T00:00:00.000Z,
2009-12-13T00:00:00.000Z,
2009-12-14T00:00:00.000Z,
2009-12-15T00:00:00.000Z,
2009-12-16T00:00:00.000Z,
2009-12-17T00:00:00.000Z,
2009-12-18T00:00:00.000Z,
2009-12-19T00:00:00.000Z,
2009-12-20T00:00:00.000Z,
2009-12-21T00:00:00.000Z,
2009-12-22T00:00:00.000Z,
2009-12-23T00:00:00.000Z,
2009-12-24T00:00:00.000Z,
2009-12-25T00:00:00.000Z,
2009-12-26T00:00:00.000Z,
2009-12-27T00:00:00.000Z,
2009-12-28T00:00:00.000Z,
2009-12-29T00:00:00.000Z,
2009-12-30T00:00:00.000Z,
2009-12-31T00:00:00.000Z,
2010-01-01T00:00:00.000Z,
2010-01-02T00:00:00.000Z,
2010-01-03T00:00:00.000Z,
2010-01-04T00:00:00.000Z,
2010-01-05T00:00:00.000Z,
2010-01-06T00:00:00.000Z,
2010-01-07T00:00:00.000Z,
2010-01-08T00:00:00.000Z,
2010-01-09T00:00:00.000Z,
2010-01-10T00:00:00.000Z,
2010-01-11T00:00:00.000Z,
2010-01-12T00:00:00.000Z,0.001615
2010-01-13T00:00:00.000Z,
2010-01-14T00:00:00.000Z,
2010-01-15T00:00:00.000Z,
2010-01-16T00:00:00.000Z,
2010-01-17T00:00:00.000Z,
2010-01-18T00:00:00.000Z,
2010-01-19T00:00:00.000Z,
2010-01-20T00:00:00.000Z,
2010-01-21T00:00:00.000Z,
2010-01-22T00:00:00.000Z,
2010-01-23T00:00:00.000Z,
2010-01-24T00:00:00.000Z,
2010-01-25T00:00:00.000Z,
2010-01-26T00:00:00.000Z,
2010-01-27T00:00:00.000Z,
2010-01-28T00:00:00.000Z,
2010-01-29T00:00:00.000Z,
2010-01-30T00:00:00.000Z,
2010-01-31T00:00:00.000Z,
2010-02-01T00:00:00.000Z,
2010-02-02T00:00:00.000Z,
2010-02-03T00:00:00.000Z,
2010-02-04T00:00:00.000Z,
2010-02-05T00:00:00.000Z,
2010-02-06T00:00:00.000Z,
2010-02-07T00:00:00.000Z,
2010-02-08T00:00:00.000Z,
2010-02-09T00:00:00.000Z,0.002095
2010-02-10T00:00:00.000Z,
2010-02-11T00:00:00.000Z,
2010-02-12T00:00:00.000Z,
2010-02-13T00:00:00.000Z,
2010-02-14T00:00:00.000Z,
2010-02-15T00:00:00.000Z,
2010-02-16T00:00:00.000Z,
2010-02-17T00:00:00.000Z,
2010-02-18T00:00:00.000Z,
2010-02-19T00:00:00.000Z,
2010-02-20T00:00:00.000Z,
2010-02-21T00:00:00.000Z,
2010-02-22T00:00:00.000Z,
2010-02-23T00:00:00.000Z,
2010-02-24T00:00:00.000Z,
2010-02-25T00:00:00.000Z,
2010-02-26T00:00:00.000Z,
2010-02-27T00:00:00.000Z,
2010-02-28T00:00:00.000Z,
2010-03-01T00:00:00.000Z,
2010-03-02T00:00:00.000Z,
2010-03-03T00:00:00.000Z,
2010-03-04T00:00:00.000Z,
2010-03-05T00:00:00.000Z,
2010-03-06T00:00:00.000Z,
2010-03-07T00:00:00.000Z,
2010-03-08T00:00:00.000Z,
2010-03-09T00:00:00.000Z,
2010-03-10T00:00:00.000Z,
2010-03-11T00:00:00.000Z,
2010-03-12T00:00:00.000Z,
2010-03-13T00:00:00.000Z,
2010-03-14T00:00:00.000Z,
2010-03-15T00:00:00.000Z,
2010-03-16T00:00:00.000Z,
2010-03-17T00:00:00.000Z,
2010-03-18T00:00:00.000Z,
2010-03-19T00:00:00.000Z,
2010-03-20T00:00:00.000Z,
2010-03-21T00:00:00.000Z,
2010-03-22T00:00:00.000Z,
2010-03-23T00:00:00.000Z,
2010-03-24T00:00:00.000Z,
2010-03-25T00:00:00.000Z,
2010-03-26T00:00:00.000Z,
2010-03-27T00:00:00.000Z,
2010-03-28T00:00:00.000Z,
2010-03-29T00:00:00.000Z,
2010-03-30T00:00:00.000Z,
2010-03-31T00:00:00.000Z,
2010-04-01T00:00:00.000Z,
2010-04-02T00:00:00.000Z,
2010-04-03T00:00:00.000Z,
2010-04-04T00:00:00.000Z,0.001421
2010-04-05T00:00:00.000Z,
2010-04-06T00:00:00.000Z,
2010-04-07T00:00:00.000Z,
2010-04-08T00:00:00.000Z,
2010-04-09T00:00:00.000Z,
2010-04-10T00:00:00.000Z,
2010-04-11T00:00:00.000Z,
2010-04-12T00:00:00.000Z,
2010-04-13T00:00:00.000Z,
2010-04-14T00:00:00.000Z,
2010-04-15T00:00:00.000Z,
2010-04-16T00:00:00.000Z,
2010-04-17T00:00:00.000Z,
2010-04-18T00:00:00.000Z,
2010-04-19T00:00:00.000Z,
2010-04-20T00:00:00.000Z,
2010-04-21T00:00:00.000Z,
2010-04-22T00:00:00.000Z,
2010-04-23T00:00:00.000Z,
2010-04-24T00:00:00.000Z,
2010-04-25T00:00:00.000Z,
2010-04-26T00:00:00.000Z,
2010-04-27T00:00:00.000Z,
2010-04-28T00:00:00.000Z,
2010-04-29T00:00:00.000Z,
2010-04-30T00:00:00.000Z,
2010-05-01T00:00:00.000Z,
2010-05-02T00:00:00.000Z,
2010-05-03T00:00:00.000Z,
2010-05-04T00:00:00.000Z,
2010-05-05T00:00:00.000Z,
2010-05-06T00:00:00.000Z,
2010-05-07T00:00:00.000Z,
2010-05-08T00:00:00.000Z,
2010-05-09T00:00:00.000Z,
2010-05-10T00:00:00.000Z,
2010-05-11T00:00:00.000Z,
2010-05-12T00:00:00.000Z,
2010-05-13T00:00:00.000Z,
2010-05-14T00:00:00.000Z,0.043856
2010-05-15T00:00:00.000Z,0.023363
2010-05-16T00:00:00.000Z,
2010-05-17T00:00:00.000Z,
2010-05-18T00:00:00.000Z,
2010-05-19T00:00:00.000Z,
2010-05-20T00:00:00.000Z,
2010-05-21T00:00:00.000Z,
2010-05-22T00:00:00.000Z,0.004381
2010-05-23T00:00:00.000Z,
2010-05-24T00:00:00.000Z,
2010-05-25T00:00:00.000Z,
2010-05-26T00:00:00.000Z,
2010-05-27T00:00:00.000Z,
2010-05-28T00:00:00.000Z,
2010-05-29T00:00:00.000Z,
2010-05-30T00:00:00.000Z,
2010-05-31T00:00:00.000Z,
2010-06-01T00:00:00.000Z,
2010-06-02T00:00:00.000Z,
2010-06-03T00:00:00.000Z,
2010-06-04T00:00:00.000Z,
2010-06-05T00:00:00.000Z,
2010-06-06T00:00:00.000Z,
2010-06-07T00:00:00.000Z,
2010-06-08T00:00:00.000Z,
2010-06-09T00:00:00.000Z,
2010-06-10T00:00:00.000Z,
2010-06-11T00:00:00.000Z,
2010-06-12T00:00:00.000Z,
2010-06-13T00:00:00.000Z,
2010-06-14T00:00:00.000Z,
2010-06-15T00:00:00.000Z,
2010-06-16T00:00:00.000Z,
2010-06-17T00:00:00.000Z,
2010-06-18T00:00:00.000Z,
2010-06-19T00:00:00.000Z,
2010-06-20T00:00:00.000Z,
2010-06-21T00:00:00.000Z,
2010-06-22T00:00:00.000Z,
2010-06-23T00:00:00.000Z,
2010-06-24T00:00:00.000Z,
2010-06-25T00:00:00.000Z,
2010-06-26T00:00:00.000Z,
2010-06-27T00:00:00.000Z,
2010-06-28T00:00:00.000Z,
2010-06-29T00:00:00.000Z,
2010-06-30T00:00:00.000Z,0.005018
2010-07-01T00:00:00.000Z,
2010-07-02T00:00:00.000Z,
2010-07-03T00:00:00.000Z,
2010-07-04T00:00:00.000Z,
2010-07-05T00:00:00.000Z,
2010-07-06T00:00:00.000Z,
2010-07-07T00:00:00.000Z,
2010-07-08T00:00:00.000Z,
2010-07-09T00:00:00.000Z,
2010-07-10T00:00:00.000Z,
2010-07-11T00:00:00.000Z,
2010-07-12T00:00:00.000Z,
2010-07-13T00:00:00.000Z,
2010-07-14T00:00:00.000Z,0.000002
2010-07-15T00:00:00.000Z,0.000496
2010-07-16T00:00:00.000Z,0.000229
2010-07-17T00:00:00.000Z,0.000123
2010-07-18T00:00:00.000Z,0.001976
2010-07-19T00:00:00.000Z,0.00017
2010-07-20T00:00:00.000Z,
2010-07-21T00:00:00.000Z,
2010-07-22T00:00:00.000Z,
2010-07-23T00:00:00.000Z,0.000024
2010-07-24T00:00:00.000Z,
2010-07-25T00:00:00.000Z,0.001591
2010-07-26T00:00:00.000Z,0.003233
2010-07-27T00:00:00.000Z,0.001573
2010-07-28T00:00:00.000Z,0.000538
2010-07-29T00:00:00.000Z,0.000477
2010-07-30T00:00:00.000Z,0.000892
2010-07-31T00:00:00.000Z,0.001017
2010-08-01T00:00:00.000Z,0.000852
2010-08-02T00:00:00.000Z,0.000528
2010-08-03T00:00:00.000Z,
2010-08-04T00:00:00.000Z,
2010-08-05T00:00:00.000Z,
2010-08-06T00:00:00.000Z,
2010-08-07T00:00:00.000Z,0.008462
2010-08-08T00:00:00.000Z,
2010-08-09T00:00:00.000Z,0.010189
2010-08-10T00:00:00.000Z,
2010-08-11T00:00:00.000Z,
2010-08-12T00:00:00.000Z,
2010-08-13T00:00:00.000Z,
2010-08-14T00:00:00.000Z,
2010-08-15T00:00:00.000Z,
2010-08-16T00:00:00.000Z,0.001479
2010-08-17T00:00:00.000Z,
2010-08-18T00:00:00.000Z,0.004138
2010-08-19T00:00:00.000Z,
2010-08-20T00:00:00.000Z,
2010-08-21T00:00:00.000Z,
2010-08-22T00:00:00.000Z,
2010-08-23T00:00:00.000Z,
2010-08-24T00:00:00.000Z,0.002111
2010-08-25T00:00:00.000Z,
2010-08-26T00:00:00.000Z,
2010-08-27T00:00:00.000Z,
2010-08-28T00:00:00.000Z,
2010-08-29T00:00:00.000Z,0.000885
2010-08-30T00:00:00.000Z,0.001094
2010-08-31T00:00:00.000Z,0.000454
2010-09-01T00:00:00.000Z,0.000211
2010-09-02T00:00:00.000Z,
2010-09-03T00:00:00.000Z,
2010-09-04T00:00:00.000Z,
2010-09-05T00:00:00.000Z,0.000032
2010-09-06T00:00:00.000Z,
2010-09-07T00:00:00.000Z,
2010-09-08T00:00:00.000Z,
2010-09-09T00:00:00.000Z,0.00034
2010-09-10T00:00:00.000Z,
2010-09-11T00:00:00.000Z,
2010-09-12T00:00:00.000Z,0.000396
2010-09-13T00:00:00.000Z,
2010-09-14T00:00:00.000Z,0.000023
2010-09-15T00:00:00.000Z,
2010-09-16T00:00:00.000Z,
2010-09-17T00:00:00.000Z,
2010-09-18T00:00:00.000Z,0.000451
2010-09-19T00:00:00.000Z,
2010-09-20T00:00:00.000Z,
2010-09-21T00:00:00.000Z,
2010-09-22T00:00:00.000Z,
2010-09-23T00:00:00.000Z,
2010-09-24T00:00:00.000Z,
2010-09-25T00:00:00.000Z,
2010-09-26T00:00:00.000Z,
2010-09-27T00:00:00.000Z,0.000033
2010-09-28T00:00:00.000Z,0.002933
2010-09-29T00:00:00.000Z,
2010-09-30T00:00:00.000Z,
2010-10-01T00:00:00.000Z,0.000959
2010-10-02T00:00:00.000Z,0.000016
2010-10-03T00:00:00.000Z,0.000021
2010-10-04T00:00:00.000Z,
2010-10-05T00:00:00.000Z,
2010-10-06T00:00:00.000Z,
2010-10-07T00:00:00.000Z,
2010-10-08T00:00:00.000Z,
2010-10-09T00:00:00.000Z,
2010-10-10T00:00:00.000Z,
2010-10-11T00:00:00.000Z,
2010-10-12T00:00:00.000Z,
2010-10-13T00:00:00.000Z,0.000962
2010-10-14T00:00:00.000Z,
2010-10-15T00:00:00.000Z,
2010-10-16T00:00:00.000Z,
2010-10-17T00:00:00.000Z,
2010-10-18T00:00:00.000Z,0.000035
2010-10-19T00:00:00.000Z,
2010-10-20T00:00:00.000Z,
2010-10-21T00:00:00.000Z,0.000014
2010-10-22T00:00:00.000Z,
2010-10-23T00:00:00.000Z,0.000097
2010-10-24T00:00:00.000Z,
2010-10-25T00:00:00.000Z,
2010-10-26T00:00:00.000Z,
2010-10-27T00:00:00.000Z,
2010-10-28T00:00:00.000Z,
2010-10-29T00:00:00.000Z,
2010-10-30T00:00:00.000Z,
2010-10-31T00:00:00.000Z,
2010-11-01T00:00:00.000Z,
2010-11-02T00:00:00.000Z,
2010-11-03T00:00:00.000Z,
2010-11-04T00:00:00.000Z,
2010-11-05T00:00:00.000Z,
2010-11-06T00:00:00.000Z,
2010-11-07T00:00:00.000Z,
2010-11-08T00:00:00.000Z,0.001612
2010-11-09T00:00:00.000Z,
2010-11-10T00:00:00.000Z,
2010-11-11T00:00:00.000Z,
2010-11-12T00:00:00.000Z,
2010-11-13T00:00:00.000Z,
2010-11-14T00:00:00.000Z,
2010-11-15T00:00:00.000Z,0.000099
2010-11-16T00:00:00.000Z,
2010-11-17T00:00:00.000Z,
2010-11-18T00:00:00.000Z,
2010-11-19T00:00:00.000Z,0.000008
2010-11-20T00:00:00.000Z,0.000103
2010-11-21T00:00:00.000Z,0.000104
2010-11-22T00:00:00.000Z,0.001633
2010-11-23T00:00:00.000Z,0.001408
2010-11-24T00:00:00.000Z,0.000048
2010-11-25T00:00:00.000Z,
2010-11-26T00:00:00.000Z,0.000282
2010-11-27T00:00:00.000Z,0.000045
2010-11-28T00:00:00.000Z,
2010-11-29T00:00:00.000Z,0.000066
2010-11-30T00:00:00.000Z,0.000022
2010-12-01T00:00:00.000Z,0.000078
2010-12-02T00:00:00.000Z,0.00013
2010-12-03T00:00:00.000Z,0.000026
2010-12-04T00:00:00.000Z,0.000026
2010-12-05T00:00:00.000Z,0.000069
2010-12-06T00:00:00.000Z,0.000097
2010-12-07T00:00:00.000Z,0.000143
2010-12-08T00:00:00.000Z,0.000076
2010-12-09T00:00:00.000Z,0.000077
2010-12-10T00:00:00.000Z,0.000188
2010-12-11T00:00:00.000Z,0.000213
2010-12-12T00:00:00.000Z,0.000231
2010-12-13T00:00:00.000Z,0.000482
2010-12-14T00:00:00.000Z,0.000075
2010-12-15T00:00:00.000Z,0.000105
2010-12-16T00:00:00.000Z,0.000195
2010-12-17T00:00:00.000Z,0.000507
2010-12-18T00:00:00.000Z,0.000133
2010-12-19T00:00:00.000Z,0.00021
2010-12-20T00:00:00.000Z,0.000072
2010-12-21T00:00:00.000Z,0.000175
2010-12-22T00:00:00.000Z,0.000269
2010-12-23T00:00:00.000Z,0.000116
2010-12-24T00:00:00.000Z,0.000147
2010-12-25T00:00:00.000Z,0.000106
2010-12-26T00:00:00.000Z,0.000164
2010-12-27T00:00:00.000Z,0.000146
2010-12-28T00:00:00.000Z,0.000156
2010-12-29T00:00:00.000Z,0.000265
2010-12-30T00:00:00.000Z,0.000156
2010-12-31T00:00:00.000Z,0.000042
2011-01-01T00:00:00.000Z,0.000135
2011-01-02T00:00:00.000Z,0.000154
2011-01-03T00:00:00.000Z,0.000646
2011-01-04T00:00:00.000Z,0.000032
2011-01-05T00:00:00.000Z,0.000071
2011-01-06T00:00:00.000Z,0.00012
2011-01-07T00:00:00.000Z,0.000052
2011-01-08T00:00:00.000Z,0.000012
2011-01-09T00:00:00.000Z,0.000114
2011-01-10T00:00:00.000Z,0.000052
2011-01-11T00:00:00.000Z,0.00003
2011-01-12T00:00:00.000Z,0.00025
2011-01-13T00:00:00.000Z,0.00002
2011-01-14T00:00:00.000Z,0.000051
2011-01-15T00:00:00.000Z,0.000109
2011-01-16T00:00:00.000Z,0.000093
2011-01-17T00:00:00.000Z,0.00019
2011-01-18T00:00:00.000Z,0.000046
2011-01-19T00:00:00.000Z,0.000055
2011-01-20T00:00:00.000Z,0.000127
2011-01-21T00:00:00.000Z,0.000043
2011-01-22T00:00:00.000Z,0.00033
2011-01-23T00:00:00.000Z,0.000332
2011-01-24T00:00:00.000Z,0.000174
2011-01-25T00:00:00.000Z,0.000145
2011-01-26T00:00:00.000Z,0.000109
2011-01-27T00:00:00.000Z,0.000702
2011-01-28T00:00:00.000Z,0.000056
2011-01-29T00:00:00.000Z,0.000328
2011-01-30T00:00:00.000Z,0.001088
2011-01-31T00:00:00.000Z,0.000546
2011-02-01T00:00:00.000Z,0.000781
2011-02-02T00:00:00.000Z,0.000056
2011-02-03T00:00:00.000Z,0.000213
2011-02-04T00:00:00.000Z,0.00013
2011-02-05T00:00:00.000Z,0.00019
2011-02-06T00:00:00.000Z,0.000133
2011-02-07T00:00:00.000Z,0.000354
2011-02-08T00:00:00.000Z,0.00021
2011-02-09T00:00:00.000Z,0.000053
2011-02-10T00:00:00.000Z,0.000429
2011-02-11T00:00:00.000Z,0.000212
2011-02-12T00:00:00.000Z,0.000388
2011-02-13T00:00:00.000Z,0.000132
2011-02-14T00:00:00.000Z,0.001366
2011-02-15T00:00:00.000Z,0.000109
2011-02-16T00:00:00.000Z,0.000282
2011-02-17T00:00:00.000Z,0.000055
2011-02-18T00:00:00.000Z,0.000258
2011-02-19T00:00:00.000Z,0.000341
2011-02-20T00:00:00.000Z,0.000103
2011-02-21T00:00:00.000Z,0.000208
2011-02-22T00:00:00.000Z,0.000112
2011-02-23T00:00:00.000Z,0.000167
2011-02-24T00:00:00.000Z,0.00008
2011-02-25T00:00:00.000Z,0.0002
2011-02-26T00:00:00.000Z,0.000287
2011-02-27T00:00:00.000Z,0.000476
2011-02-28T00:00:00.000Z,0.000301
2011-03-01T00:00:00.000Z,0.000155
2011-03-02T00:00:00.000Z,0.000195
2011-03-03T00:00:00.000Z,0.002206
2011-03-04T00:00:00.000Z,0.000364
2011-03-05T00:00:00.000Z,0.001173
2011-03-06T00:00:00.000Z,0.002561
2011-03-07T00:00:00.000Z,0.003103
2011-03-08T00:00:00.000Z,0.001611
2011-03-09T00:00:00.000Z,0.001771
2011-03-10T00:00:00.000Z,0.001342
2011-03-11T00:00:00.000Z,0.003494
2011-03-12T00:00:00.000Z,0.000523
2011-03-13T00:00:00.000Z,0.000648
2011-03-14T00:00:00.000Z,0.000672
2011-03-15T00:00:00.000Z,0.000641
2011-03-16T00:00:00.000Z,0.000569
2011-03-17T00:00:00.000Z,0.000413
2011-03-18T00:00:00.000Z,0.00057
2011-03-19T00:00:00.000Z,0.000382
2011-03-20T00:00:00.000Z,0.00061
2011-03-21T00:00:00.000Z,0.00148
2011-03-22T00:00:00.000Z,0.004705
2011-03-23T00:00:00.000Z,0.003955
2011-03-24T00:00:00.000Z,0.003822
2011-03-25T00:00:00.000Z,0.002593
2011-03-26T00:00:00.000Z,0.001358
2011-03-27T00:00:00.000Z,0.002566
2011-03-28T00:00:00.000Z,0.001505
2011-03-29T00:00:00.000Z,0.001258
2011-03-30T00:00:00.000Z,0.002352
2011-03-31T00:00:00.000Z,0.001871
2011-04-01T00:00:00.000Z,0.002153
2011-04-02T00:00:00.000Z,0.001547
2011-04-03T00:00:00.000Z,0.002354
2011-04-04T00:00:00.000Z,0.002459
2011-04-05T00:00:00.000Z,0.002487
2011-04-06T00:00:00.000Z,0.002624
2011-04-07T00:00:00.000Z,0.001783
2011-04-08T00:00:00.000Z,0.002332
2011-04-09T00:00:00.000Z,0.002429
2011-04-10T00:00:00.000Z,0.003012
2011-04-11T00:00:00.000Z,0.002248
2011-04-12T00:00:00.000Z,0.002261
2011-04-13T00:00:00.000Z,0.001713
2011-04-14T00:00:00.000Z,0.00493
2011-04-15T00:00:00.000Z,0.001239
2011-04-16T00:00:00.000Z,0.0017
2011-04-17T00:00:00.000Z,0.000958
2011-04-18T00:00:00.000Z,0.001079
2011-04-19T00:00:00.000Z,0.001571
2011-04-20T00:00:00.000Z,0.002407
2011-04-21T00:00:00.000Z,0.001762
2011-04-22T00:00:00.000Z,0.002523
2011-04-23T00:00:00.000Z,0.002282
2011-04-24T00:00:00.000Z,0.002927
2011-04-25T00:00:00.000Z,0.003362
2011-04-26T00:00:00.000Z,0.001482
2011-04-27T00:00:00.000Z,0.002011
2011-04-28T00:00:00.000Z,0.002185
2011-04-29T00:00:00.000Z,0.0021
2011-04-30T00:00:00.000Z,0.002311
2011-05-01T00:00:00.000Z,0.00287
2011-05-02T00:00:00.000Z,0.001555
2011-05-03T00:00:00.000Z,0.001641
2011-05-04T00:00:00.000Z,0.002273
2011-05-05T00:00:00.000Z,0.00274
2011-05-06T00:00:00.000Z,0.002306
2011-05-07T00:00:00.000Z,0.001712
2011-05-08T00:00:00.000Z,0.002564
2011-05-09T00:00:00.000Z,0.003097
2011-05-10T00:00:00.000Z,0.00259
2011-05-11T00:00:00.000Z,0.002587
2011-05-12T00:00:00.000Z,0.002152
2011-05-13T00:00:00.000Z,0.00284
2011-05-14T00:00:00.000Z,0.003286
2011-05-15T00:00:00.000Z,0.003951
2011-05-16T00:00:00.000Z,0.003367
2011-05-17T00:00:00.000Z,0.003088
2011-05-18T00:00:00.000Z,0.003521
2011-05-19T00:00:00.000Z,0.003479
2011-05-20T00:00:00.000Z,0.003638
2011-05-21T00:00:00.000Z,0.004249
2011-05-22T00:00:00.000Z,0.003563
2011-05-23T00:00:00.000Z,0.003114
2011-05-24T00:00:00.000Z,0.003599
2011-05-25T00:00:00.000Z,0.003331
2011-05-26T00:00:00.000Z,0.003044
2011-05-27T00:00:00.000Z,0.002851
2011-05-28T00:00:00.000Z,0.002783
2011-05-29T00:00:00.000Z,0.002903
2011-05-30T00:00:00.000Z,0.003503
2011-05-31T00:00:00.000Z,0.003291
2011-06-01T00:00:00.000Z,0.003684
2011-06-02T00:00:00.000Z,0.003318
2011-06-03T00:00:00.000Z,0.003111
2011-06-04T00:00:00.000Z,0.003652
2011-06-05T00:00:00.000Z,0.002756
2011-06-06T00:00:00.000Z,0.00302
2011-06-07T00:00:00.000Z,0.003229
2011-06-08T00:00:00.000Z,0.003757
2011-06-09T00:00:00.000Z,0.003559
2011-06-10T00:00:00.000Z,0.003408
2011-06-11T00:00:00.000Z,0.003245
2011-06-12T00:00:00.000Z,0.003562
2011-06-13T00:00:00.000Z,0.00325
2011-06-14T00:00:00.000Z,0.002559
2011-06-15T00:00:00.000Z,0.003179
2011-06-16T00:00:00.000Z,0.002502
2011-06-17T00:00:00.000Z,0.002737
2011-06-18T00:00:00.000Z,0.00245
2011-06-19T00:00:00.000Z,0.002257
2011-06-20T00:00:00.000Z,0.001806
2011-06-21T00:00:00.000Z,0.001844
2011-06-22T00:00:00.000Z,0.001538
2011-06-23T00:00:00.000Z,0.001396
2011-06-24T00:00:00.000Z,0.001502
2011-06-25T00:00:00.000Z,0.002416
2011-06-26T00:00:00.000Z,0.002529
2011-06-27T00:00:00.000Z,0.002257
2011-06-28T00:00:00.000Z,0.001852
2011-06-29T00:00:00.000Z,0.001998
2011-06-30T00:00:00.000Z,0.001837
2011-07-01T00:00:00.000Z,0.00176
2011-07-02T00:00:00.000Z,0.001838
2011-07-03T00:00:00.000Z,0.001596
2011-07-04T00:00:00.000Z,0.001666
2011-07-05T00:00:00.000Z,0.002098
2011-07-06T00:00:00.000Z,0.001617
2011-07-07T00:00:00.000Z,0.001527
2011-07-08T00:00:00.000Z,0.001551
2011-07-09T00:00:00.000Z,0.001652
2011-07-10T00:00:00.000Z,0.001491
2011-07-11T00:00:00.000Z,0.001413
2011-07-12T00:00:00.000Z,0.00157
2011-07-13T00:00:00.000Z,0.001625
2011-07-14T00:00:00.000Z,0.001537
2011-07-15T00:00:00.000Z,0.002037
2011-07-16T00:00:00.000Z,0.001256
2011-07-17T00:00:00.000Z,0.001448
2011-07-18T00:00:00.000Z,0.001441
2011-07-19T00:00:00.000Z,0.001617
2011-07-20T00:00:00.000Z,0.001193
2011-07-21T00:00:00.000Z,0.001103
2011-07-22T00:00:00.000Z,0.001506
2011-07-23T00:00:00.000Z,0.00104
2011-07-24T00:00:00.000Z,0.001241
2011-07-25T00:00:00.000Z,0.001276
2011-07-26T00:00:00.000Z,0.000936
2011-07-27T00:00:00.000Z,0.001112
2011-07-28T00:00:00.000Z,0.000929
2011-07-29T00:00:00.000Z,0.000973
2011-07-30T00:00:00.000Z,0.00092
2011-07-31T00:00:00.000Z,0.00084
2011-08-01T00:00:00.000Z,0.000939
2011-08-02T00:00:00.000Z,0.000843
2011-08-03T00:00:00.000Z,0.001059
2011-08-04T00:00:00.000Z,0.000936
2011-08-05T00:00:00.000Z,0.000867
2011-08-06T00:00:00.000Z,0.003526
2011-08-07T00:00:00.000Z,0.000975
2011-08-08T00:00:00.000Z,0.001093
2011-08-09T00:00:00.000Z,0.001268
2011-08-10T00:00:00.000Z,0.001289
2011-08-11T00:00:00.000Z,0.000936
2011-08-12T00:00:00.000Z,0.000849
2011-08-13T00:00:00.000Z,0.000932
2011-08-14T00:00:00.000Z,0.001381
2011-08-15T00:00:00.000Z,0.001163
2011-08-16T00:00:00.000Z,0.00103
2011-08-17T00:00:00.000Z,0.000873
2011-08-18T00:00:00.000Z,0.000798
2011-08-19T00:00:00.000Z,0.00102
2011-08-20T00:00:00.000Z,0.000753
2011-08-21T00:00:00.000Z,0.000742
2011-08-22T00:00:00.000Z,0.000966
2011-08-23T00:00:00.000Z,0.000957
2011-08-24T00:00:00.000Z,0.00118
2011-08-25T00:00:00.000Z,0.000828
2011-08-26T00:00:00.000Z,0.000632
2011-08-27T00:00:00.000Z,0.00079
2011-08-28T00:00:00.000Z,0.000807
2011-08-29T00:00:00.000Z,0.000662
2011-08-30T00:00:00.000Z,0.001259
2011-08-31T00:00:00.000Z,0.000811
2011-09-01T00:00:00.000Z,0.000779
2011-09-02T00:00:00.000Z,0.000973
2011-09-03T00:00:00.000Z,0.000646
2011-09-04T00:00:00.000Z,0.00136
2011-09-05T00:00:00.000Z,0.001019
2011-09-06T00:00:00.000Z,0.000833
2011-09-07T00:00:00.000Z,0.001148
2011-09-08T00:00:00.000Z,0.000719
2011-09-09T00:00:00.000Z,0.00104
2011-09-10T00:00:00.000Z,0.000895
2011-09-11T00:00:00.000Z,0.000791
2011-09-12T00:00:00.000Z,0.000817
2011-09-13T00:00:00.000Z,0.000638
2011-09-14T00:00:00.000Z,0.00061
2011-09-15T00:00:00.000Z,0.001131
2011-09-16T00:00:00.000Z,0.0008
2011-09-17T00:00:00.000Z,0.000946
2011-09-18T00:00:00.000Z,0.000898
2011-09-19T00:00:00.000Z,0.000891
2011-09-20T00:00:00.000Z,0.000807
2011-09-21T00:00:00.000Z,0.000674
2011-09-22T00:00:00.000Z,0.000616
2011-09-23T00:00:00.000Z,0.000668
2011-09-24T00:00:00.000Z,0.001172
2011-09-25T00:00:00.000Z,0.000589
2011-09-19T00:00:00.000Z,0.000589
2011-09-26T00:00:00.000Z,0.00065
2011-10-03T00:00:00.000Z,0.000855
2011-10-10T00:00:00.000Z,0.000696
2011-10-17T00:00:00.000Z,0.000699
2011-10-24T00:00:00.000Z,0.000592
2011-10-31T00:00:00.000Z,0.000576
2011-11-07T00:00:00.000Z,0.000538
2011-11-14T00:00:00.000Z,0.000602
2011-11-21T00:00:00.000Z,0.000632
2011-11-28T00:00:00.000Z,0.000645
2011-12-05T00:00:00.000Z,0.006431
2011-12-12T00:00:00.000Z,0.005919
2011-12-19T00:00:00.000Z,0.000644
2011-12-26T00:00:00.000Z,0.000674
2012-01-02T00:00:00.000Z,0.00108
2012-01-09T00:00:00.000Z,0.002024
2012-01-16T00:00:00.000Z,0.002474
2012-01-23T00:00:00.000Z,0.00628
2012-01-30T00:00:00.000Z,0.001561
2012-02-06T00:00:00.000Z,0.000703
2012-02-13T00:00:00.000Z,0.000784
2012-02-20T00:00:00.000Z,0.000572
2012-02-27T00:00:00.000Z,0.000672
2012-03-05T00:00:00.000Z,0.000676
2012-03-12T00:00:00.000Z,0.000828
2012-03-19T00:00:00.000Z,0.000925
2012-03-26T00:00:00.000Z,0.000643
2012-04-02T00:00:00.000Z,0.000668
2012-04-09T00:00:00.000Z,0.000668
2012-04-16T00:00:00.000Z,0.000764
2012-04-23T00:00:00.000Z,0.000832
2012-04-30T00:00:00.000Z,0.000673
2012-05-07T00:00:00.000Z,0.000721
2012-05-14T00:00:00.000Z,0.000792
2012-05-21T00:00:00.000Z,0.000656
2012-05-28T00:00:00.000Z,0.000613
2012-06-04T00:00:00.000Z,0.000665
2012-06-11T00:00:00.000Z,0.000618
2012-06-18T00:00:00.000Z,0.000799
2012-06-25T00:00:00.000Z,0.000569
2012-07-02T00:00:00.000Z,0.000764
2012-07-09T00:00:00.000Z,0.000631
2012-07-16T00:00:00.000Z,0.00069
2012-07-23T00:00:00.000Z,0.000589
2012-07-30T00:00:00.000Z,0.000653
2012-08-06T00:00:00.000Z,0.00084
2012-08-13T00:00:00.000Z,0.000602
2012-08-20T00:00:00.000Z,0.000659
2012-08-27T00:00:00.000Z,0.000829
2012-09-03T00:00:00.000Z,0.000696
2012-09-10T00:00:00.000Z,0.00065
2012-09-17T00:00:00.000Z,0.00069
2012-09-24T00:00:00.000Z,0.000814
2012-10-01T00:00:00.000Z,0.001217
2012-10-08T00:00:00.000Z,0.000711
2012-10-15T00:00:00.000Z,0.000849
2012-10-22T00:00:00.000Z,0.00069
2012-10-29T00:00:00.000Z,0.000826
2012-11-05T00:00:00.000Z,0.000784
2012-11-12T00:00:00.000Z,0.000787
2012-11-19T00:00:00.000Z,0.000768
2012-11-26T00:00:00.000Z,0.001136
2012-12-03T00:00:00.000Z,0.000808
2012-12-10T00:00:00.000Z,0.000844
2012-12-17T00:00:00.000Z,0.000821
2012-12-24T00:00:00.000Z,0.000797
2012-12-31T00:00:00.000Z,0.00085
2013-01-07T00:00:00.000Z,0.001116
2013-01-14T00:00:00.000Z,0.000825
2013-01-21T00:00:00.000Z,0.000861
2013-01-28T00:00:00.000Z,0.00095
2013-02-04T00:00:00.000Z,0.000794
2013-02-11T00:00:00.000Z,0.00092
2013-02-18T00:00:00.000Z,0.000854
2013-02-25T00:00:00.000Z,0.000935
2013-03-04T00:00:00.000Z,0.001117
2013-03-11T00:00:00.000Z,0.000986
2013-03-18T00:00:00.000Z,0.000944
2013-03-25T00:00:00.000Z,0.001009
2013-04-01T00:00:00.000Z,0.000938
2013-04-08T00:00:00.000Z,0.000872
2013-04-15T00:00:00.000Z,0.001016
2013-04-22T00:00:00.000Z,0.000901
2013-04-29T00:00:00.000Z,0.000864
2013-05-06T00:00:00.000Z,0.000927
2013-05-13T00:00:00.000Z,0.00096
2013-05-20T00:00:00.000Z,0.000889
2013-05-27T00:00:00.000Z,0.00089
2013-06-03T00:00:00.000Z,0.000904
2013-06-10T00:00:00.000Z,0.000853
2013-06-17T00:00:00.000Z,0.000966
2013-06-24T00:00:00.000Z,0.000824
2013-07-01T00:00:00.000Z,0.000764
2013-07-08T00:00:00.000Z,0.000763
2013-07-15T00:00:00.000Z,0.000743
2013-07-22T00:00:00.000Z,0.000724
2013-07-29T00:00:00.000Z,0.000749
2013-08-05T00:00:00.000Z,0.000717
2013-08-12T00:00:00.000Z,0.000714
2013-08-19T00:00:00.000Z,0.000595
2013-08-26T00:00:00.000Z,0.001107
2013-09-02T00:00:00.000Z,0.000594
2013-09-09T00:00:00.000Z,0.000499
2013-09-16T00:00:00.000Z,0.001435
2013-09-23T00:00:00.000Z,0.000734
2013-09-30T00:00:00.000Z,0.000576
2013-10-07T00:00:00.000Z,0.000564
2013-10-14T00:00:00.000Z,0.000693
2013-10-21T00:00:00.000Z,0.000834
2013-10-28T00:00:00.000Z,0.000705
2013-11-04T00:00:00.000Z,0.001492
2013-11-11T00:00:00.000Z,0.00044
2013-11-18T00:00:00.000Z,0.000323
2013-11-25T00:00:00.000Z,0.000289
2013-12-02T00:00:00.000Z,0.000305
2013-12-09T00:00:00.000Z,0.000248
2013-12-16T00:00:00.000Z,0.000229
2013-12-23T00:00:00.000Z,0.00024
2013-12-30T00:00:00.000Z,0.000229
2014-01-06T00:00:00.000Z,0.000259
2014-01-13T00:00:00.000Z,0.000249
2014-01-20T00:00:00.000Z,0.000231
2014-01-27T00:00:00.000Z,0.000217
2014-02-03T00:00:00.000Z,0.000204
2014-02-10T00:00:00.000Z,0.000212
2014-02-17T00:00:00.000Z,0.000231
2014-02-24T00:00:00.000Z,0.000208
2014-03-03T00:00:00.000Z,0.000199
2014-03-10T00:00:00.000Z,0.000204
2014-03-17T00:00:00.000Z,0.000201
2014-03-24T00:00:00.000Z,0.000194
2014-03-31T00:00:00.000Z,0.0002
2014-04-07T00:00:00.000Z,0.000223
2014-04-14T00:00:00.000Z,0.000222
2014-04-21T00:00:00.000Z,0.0002
2014-04-28T00:00:00.000Z,0.000194
2014-05-05T00:00:00.000Z,0.000198
2014-05-12T00:00:00.000Z,0.000177
2014-05-19T00:00:00.000Z,0.000184
2014-05-26T00:00:00.000Z,0.000185
2014-06-02T00:00:00.000Z,0.000182
2014-06-09T00:00:00.000Z,0.000182
2014-06-16T00:00:00.000Z,0.000184
2014-06-16T00:00:00.000Z,0.00018
2014-06-23T00:00:00.000Z,0.000176
2014-06-30T00:00:00.000Z,0.000177
2014-07-07T00:00:00.000Z,0.000174
2014-07-14T00:00:00.000Z,0.000181
2014-07-21T00:00:00.000Z,0.000166
2014-07-28T00:00:00.000Z,0.000161
2014-08-04T00:00:00.000Z,0.000162
2014-08-11T00:00:00.000Z,0.000231
2014-08-18T00:00:00.000Z,0.00016
2014-08-25T00:00:00.000Z,0.000165
2014-09-01T00:00:00.000Z,0.000182
2014-09-08T00:00:00.000Z,0.000163
2014-09-15T00:00:00.000Z,0.000158
2014-09-22T00:00:00.000Z,0.000237
2014-09-29T00:00:00.000Z,0.000165
2014-10-06T00:00:00.000Z,0.000164
2014-10-13T00:00:00.000Z,0.000163
2014-10-20T00:00:00.000Z,0.000158
2014-10-27T00:00:00.000Z,0.000159
2014-11-03T00:00:00.000Z,0.000165
2014-11-10T00:00:00.000Z,0.000154
2014-11-17T00:00:00.000Z,0.000154
2014-11-24T00:00:00.000Z,0.000144
2014-12-01T00:00:00.000Z,0.000142
2014-12-08T00:00:00.000Z,0.000147
2014-12-15T00:00:00.000Z,0.000148
2014-12-22T00:00:00.000Z,0.000171
2014-12-29T00:00:00.000Z,0.000166
2015-01-05T00:00:00.000Z,0.00015
2015-01-12T00:00:00.000Z,0.000175
2015-01-19T00:00:00.000Z,0.000145
2015-01-26T00:00:00.000Z,0.000141
2015-02-02T00:00:00.000Z,0.00014
2015-02-09T00:00:00.000Z,0.000149
2015-02-16T00:00:00.000Z,0.000148
2015-02-23T00:00:00.000Z,0.000145
2015-03-02T00:00:00.000Z,0.000151
2015-03-09T00:00:00.000Z,0.000145
2015-03-16T00:00:00.000Z,0.000148
2015-03-23T00:00:00.000Z,0.000149
2015-03-30T00:00:00.000Z,0.000146
2015-04-06T00:00:00.000Z,0.000168
2015-04-13T00:00:00.000Z,0.000143
2015-04-20T00:00:00.000Z,0.000267
2015-04-27T00:00:00.000Z,0.000143
2015-05-04T00:00:00.000Z,0.000148
2015-05-11T00:00:00.000Z,0.000146
2015-05-18T00:00:00.000Z,0.000147
2015-05-25T00:00:00.000Z,0.000183
2015-06-01T00:00:00.000Z,0.00015
2015-06-08T00:00:00.000Z,0.000152
2015-06-15T00:00:00.000Z,0.000176
2015-06-22T00:00:00.000Z,0.000164
2015-06-29T00:00:00.000Z,0.00017
2015-07-06T00:00:00.000Z,0.000215
2015-07-13T00:00:00.000Z,0.00023
2015-07-20T00:00:00.000Z,0.000229
2015-07-27T00:00:00.000Z,0.000248
2015-08-03T00:00:00.000Z,0.000239
2015-08-10T00:00:00.000Z,0.000221
2015-08-17T00:00:00.000Z,0.00021
2015-08-24T00:00:00.000Z,0.000203
2015-08-31T00:00:00.000Z,0.000237
2015-09-07T00:00:00.000Z,0.000211
2015-09-14T00:00:00.000Z,0.000167
2015-09-21T00:00:00.000Z,0.000206
2015-09-28T00:00:00.000Z,0.000192
2015-10-05T00:00:00.000Z,0.000189
2015-10-12T00:00:00.000Z,0.000191
2015-10-19T00:00:00.000Z,0.000197
2015-10-26T00:00:00.000Z,0.000196
2015-11-02T00:00:00.000Z,0.000189
2015-11-09T00:00:00.000Z,0.00017
2015-11-16T00:00:00.000Z,0.000168
2015-11-23T00:00:00.000Z,0.000169
2015-11-30T00:00:00.000Z,0.000175
2015-12-07T00:00:00.000Z,0.000177
2015-12-14T00:00:00.000Z,0.000173
2015-12-21T00:00:00.000Z,0.000174
2015-12-28T00:00:00.000Z,0.000175
2016-01-04T00:00:00.000Z,0.000177
2016-01-11T00:00:00.000Z,0.000182
2016-01-18T00:00:00.000Z,0.000208
2016-01-25T00:00:00.000Z,0.000206
2016-02-01T00:00:00.000Z,0.00021
2016-02-08T00:00:00.000Z,0.00019
2016-02-15T00:00:00.000Z,0.000197
2016-02-22T00:00:00.000Z,0.000201
2016-02-29T00:00:00.000Z,0.000253
2016-03-07T00:00:00.000Z,0.000232
2016-03-14T00:00:00.000Z,0.000209
2016-03-21T00:00:00.000Z,0.000205
2016-03-28T00:00:00.000Z,0.000249
2016-04-04T00:00:00.000Z,0.000211
2016-04-11T00:00:00.000Z,0.000201
2016-04-18T00:00:00.000Z,0.000196
2016-04-25T00:00:00.000Z,0.000357
2016-05-02T00:00:00.000Z,0.000193
2016-05-09T00:00:00.000Z,0.000205
2016-05-16T00:00:00.000Z,0.000253
2016-05-23T00:00:00.000Z,0.000264
2016-05-30T00:00:00.000Z,0.000245
2016-06-06T00:00:00.000Z,0.000229
2016-06-13T00:00:00.000Z,0.000295
2016-06-20T00:00:00.000Z,0.00031
2016-06-27T00:00:00.000Z,0.000272
2016-07-04T00:00:00.000Z,0.000258
2016-07-11T00:00:00.000Z,0.00026
2016-07-18T00:00:00.000Z,0.000283
2016-07-25T00:00:00.000Z,0.000319
2016-08-01T00:00:00.000Z,0.00032
2016-08-08T00:00:00.000Z,0.000316
2016-08-15T00:00:00.000Z,0.000313
2016-08-22T00:00:00.000Z,0.000281
2016-08-29T00:00:00.000Z,0.00027
2016-09-05T00:00:00.000Z,0.000267
2016-09-12T00:00:00.000Z,0.000275
2016-09-19T00:00:00.000Z,0.000275
2016-09-26T00:00:00.000Z,0.000272
2016-10-03T00:00:00.000Z,0.000276
2016-10-10T00:00:00.000Z,0.000295
2016-10-17T00:00:00.000Z,0.000315
2016-10-24T00:00:00.000Z,0.000374
2016-10-31T00:00:00.000Z,0.000312
2016-11-07T00:00:00.000Z,0.000301
2016-11-14T00:00:00.000Z,0.000296
2016-11-21T00:00:00.000Z,0.000377
2016-11-28T00:00:00.000Z,0.000371
2016-12-05T00:00:00.000Z,0.000354
2016-12-12T00:00:00.000Z,0.000343
2016-12-19T00:00:00.000Z,0.000342
2016-12-26T00:00:00.000Z,0.000347
2017-01-02T00:00:00.000Z,0.000409
2017-01-09T00:00:00.000Z,0.000362
2017-01-16T00:00:00.000Z,0.000368
2017-01-23T00:00:00.000Z,0.000463
2017-01-30T00:00:00.000Z,0.000495
2017-02-06T00:00:00.000Z,0.000507
2017-02-13T00:00:00.000Z,0.000506
2017-02-20T00:00:00.000Z,0.000615
2017-02-27T00:00:00.000Z,0.00075
2017-03-06T00:00:00.000Z,0.000813
2017-03-13T00:00:00.000Z,0.000818
2017-03-13T00:00:00.000Z,0.000815
2017-03-20T00:00:00.000Z,0.000806
2017-03-27T00:00:00.000Z,0.000773
2017-04-03T00:00:00.000Z,0.000755
2017-04-10T00:00:00.000Z,0.000782
2017-04-17T00:00:00.000Z,0.000728
2017-04-24T00:00:00.000Z,0.000797
2017-05-01T00:00:00.000Z,0.000852
2017-05-08T00:00:00.000Z,0.000919
2017-05-15T00:00:00.000Z,0.001274
2017-05-22T00:00:00.000Z,0.001387
2017-05-29T00:00:00.000Z,0.001709
2017-06-05T00:00:00.000Z,0.001667
2017-06-12T00:00:00.000Z,0.001467
2017-06-19T00:00:00.000Z,0.001468
2017-06-26T00:00:00.000Z,0.001314
2017-07-03T00:00:00.000Z,0.000998
2017-07-10T00:00:00.000Z,0.00097
2017-07-17T00:00:00.000Z,0.000843
2017-07-24T00:00:00.000Z,0.000726
2017-07-31T00:00:00.000Z,0.000574
2017-08-07T00:00:00.000Z,0.000682
2017-08-14T00:00:00.000Z,0.00107
2017-08-21T00:00:00.000Z,0.001695
2017-08-28T00:00:00.000Z,0.001434
2017-09-04T00:00:00.000Z,0.000914
2017-09-11T00:00:00.000Z,0.00056
2017-09-18T00:00:00.000Z,0.000571
2017-09-25T00:00:00.000Z,0.00054
2017-10-02T00:00:00.000Z,0.000541
2017-10-09T00:00:00.000Z,0.000631
2017-10-16T00:00:00.000Z,0.000565
2017-10-23T00:00:00.000Z,0.000627
2017-10-30T00:00:00.000Z,0.00086
2017-11-06T00:00:00.000Z,0.001377
2017-11-13T00:00:00.000Z,0.001657
2017-11-20T00:00:00.000Z,0.000759
2017-11-27T00:00:00.000Z,0.000634
2017-12-04T00:00:00.000Z,0.00101
2017-12-11T00:00:00.000Z,0.001398
2017-12-18T00:00:00.000Z,0.002801
2017-12-25T00:00:00.000Z,0.00249
2018-01-01T00:00:00.000Z,0.001916
2018-01-08T00:00:00.000Z,0.002053
2018-01-15T00:00:00.000Z,0.001931
2018-01-22T00:00:00.000Z,0.000992
2018-01-29T00:00:00.000Z,0.000784
2018-02-05T00:00:00.000Z,0.000567
2018-02-12T00:00:00.000Z,0.000324
2018-02-19T00:00:00.000Z,0.000321
2018-02-26T00:00:00.000Z,0.00023
2018-03-05T00:00:00.000Z,0.000206
2018-03-12T00:00:00.000Z,0.000187
2018-03-19T00:00:00.000Z,0.000152
2018-03-26T00:00:00.000Z,0.00014
2018-04-02T00:00:00.000Z,0.00015
2018-04-09T00:00:00.000Z,0.000143
2018-04-16T00:00:00.000Z,0.000133
2018-04-23T00:00:00.000Z,0.000256
2018-04-30T00:00:00.000Z,0.000172
2018-05-07T00:00:00.000Z,0.000156
2018-05-14T00:00:00.000Z,0.000207
2018-05-21T00:00:00.000Z,0.000143
2018-05-28T00:00:00.000Z,0.000113
2018-06-04T00:00:00.000Z,0.000096
2018-06-11T00:00:00.000Z,0.000129
2018-06-18T00:00:00.000Z,0.000375
2018-06-25T00:00:00.000Z,0.000147
2018-07-02T00:00:00.000Z,0.000108
2018-07-09T00:00:00.000Z,0.000096
2018-07-16T00:00:00.000Z,0.000109
2018-07-23T00:00:00.000Z,0.000102
2018-07-30T00:00:00.000Z,0.000097
2018-08-06T00:00:00.000Z,0.000084
2018-08-13T00:00:00.000Z,0.000098
2018-08-20T00:00:00.000Z,0.000114
2018-08-27T00:00:00.000Z,0.000118
2018-09-03T00:00:00.000Z,0.000108
2018-09-10T00:00:00.000Z,0.000088
2018-09-17T00:00:00.000Z,0.000077
2018-09-24T00:00:00.000Z,0.000086
2018-10-01T00:00:00.000Z,0.000084
2018-10-08T00:00:00.000Z,0.000068
2018-10-15T00:00:00.000Z,0.000071
2018-10-22T00:00:00.000Z,0.000067
2018-10-29T00:00:00.000Z,0.000062
2018-11-05T00:00:00.000Z,0.000068
2018-11-12T00:00:00.000Z,0.000091
2018-11-19T00:00:00.000Z,0.000161
2018-11-26T00:00:00.000Z,0.000146
2018-12-03T00:00:00.000Z,0.000104
2018-12-10T00:00:00.000Z,0.000082
2018-12-17T00:00:00.000Z,0.000089
2018-12-24T00:00:00.000Z,0.000062
2018-12-31T00:00:00.000Z,0.00006
2019-01-07T00:00:00.000Z,0.000071
2019-01-14T00:00:00.000Z,0.000067
2019-01-21T00:00:00.000Z,0.000071
2019-01-28T00:00:00.000Z,0.000072
2019-02-04T00:00:00.000Z,0.000053
2019-02-11T00:00:00.000Z,0.000084
2019-02-18T00:00:00.000Z,0.000101
2019-02-25T00:00:00.000Z,0.000087
2019-03-04T00:00:00.000Z,0.000112
2019-03-11T00:00:00.000Z,0.000104
2019-03-18T00:00:00.000Z,0.000084
2019-03-25T00:00:00.000Z,0.000124
2019-04-01T00:00:00.000Z,0.000293
2019-04-08T00:00:00.000Z,0.000267
2019-04-15T00:00:00.000Z,0.000194
2019-04-22T00:00:00.000Z,0.000229
2019-04-29T00:00:00.000Z,0.000187
2019-05-06T00:00:00.000Z,0.000302
2019-05-13T00:00:00.000Z,0.000449
2019-05-20T00:00:00.000Z,0.000434
2019-05-27T00:00:00.000Z,0.000498
2019-06-03T00:00:00.000Z,0.000398
2019-06-10T00:00:00.000Z,0.000294
2019-06-17T00:00:00.000Z,0.000314
2019-06-24T00:00:00.000Z,0.000383
2019-07-01T00:00:00.000Z,0.000235
2019-07-08T00:00:00.000Z,0.000194
2019-07-15T00:00:00.000Z,0.000187
2019-07-22T00:00:00.000Z,0.000146
2019-07-29T00:00:00.000Z,0.000124
2019-08-05T00:00:00.000Z,0.000155
2019-08-12T00:00:00.000Z,0.000153
2019-08-19T00:00:00.000Z,0.000128
2019-08-26T00:00:00.000Z,0.000092
2019-09-02T00:00:00.000Z,0.000096
2019-09-09T00:00:00.000Z,0.00009
2019-09-16T00:00:00.000Z,0.000088
2019-09-23T00:00:00.000Z,0.000099
2019-09-30T00:00:00.000Z,0.000101
2019-10-07T00:00:00.000Z,0.00008
2019-10-14T00:00:00.000Z,0.000072
2019-10-21T00:00:00.000Z,0.000101
2019-10-28T00:00:00.000Z,0.000111
2019-11-04T00:00:00.000Z,0.00012
2019-11-11T00:00:00.000Z,0.00009
2019-11-18T00:00:00.000Z,0.000094
2019-11-25T00:00:00.000Z,0.000102
2019-12-02T00:00:00.000Z,0.000074
2019-12-09T00:00:00.000Z,0.000075
2019-12-09T00:00:00.000Z,0.000068
2019-12-16T00:00:00.000Z,0.00007
2019-12-23T00:00:00.000Z,0.000055
2019-12-30T00:00:00.000Z,0.000046
2020-01-06T00:00:00.000Z,0.000077
2020-01-13T00:00:00.000Z,0.000071
2020-01-20T00:00:00.000Z,0.000055
2020-01-27T00:00:00.000Z,0.000063
2020-02-03T00:00:00.000Z,0.000074
2020-02-10T00:00:00.000Z,0.000095
2020-02-17T00:00:00.000Z,0.000076
2020-02-24T00:00:00.000Z,0.00007
2020-03-02T00:00:00.000Z,0.000067
2020-03-09T00:00:00.000Z,0.00016
2020-03-16T00:00:00.000Z,0.000228
2020-03-23T00:00:00.000Z,0.000159
2020-03-30T00:00:00.000Z,0.000084
2020-04-06T00:00:00.000Z,0.000071
2020-04-13T00:00:00.000Z,0.000075
2020-04-20T00:00:00.000Z,0.000094
2020-04-27T00:00:00.000Z,0.000204
2020-05-04T00:00:00.000Z,0.000244
2020-05-11T00:00:00.000Z,0.000404
2020-05-18T00:00:00.000Z,0.000562
2020-05-25T00:00:00.000Z,0.000284
2020-06-01T00:00:00.000Z,0.000204
2020-06-08T00:00:00.000Z,0.0001
2020-06-15T00:00:00.000Z,0.00013
2020-06-22T00:00:00.000Z,0.000111
2020-06-29T00:00:00.000Z,0.000135
2020-07-06T00:00:00.000Z,0.000121
2020-07-13T00:00:00.000Z,0.000202
2020-07-20T00:00:00.000Z,0.000324
2020-07-27T00:00:00.000Z,0.000462
2020-08-03T00:00:00.000Z,0.000383
2020-08-10T00:00:00.000Z,0.000326
2020-08-17T00:00:00.000Z,0.000358
2020-08-24T00:00:00.000Z,0.000286
2020-08-31T00:00:00.000Z,0.000376
2020-09-07T00:00:00.000Z,0.000264
2020-09-14T00:00:00.000Z,0.000197
2020-09-21T00:00:00.000Z,0.000213
2020-09-28T00:00:00.000Z,0.000266
2020-10-05T00:00:00.000Z,0.000298
2020-10-12T00:00:00.000Z,0.000201
2020-10-19T00:00:00.000Z,0.000327
2020-10-26T00:00:00.000Z,0.000798
2020-11-02T00:00:00.000Z,0.000694
2020-11-09T00:00:00.000Z,0.000331
2020-11-16T00:00:00.000Z,0.000227
2020-11-23T00:00:00.000Z,0.000235
2020-11-30T00:00:00.000Z,0.000323
2020-12-07T00:00:00.000Z,0.000207
2020-12-14T00:00:00.000Z,0.000331
2020-12-21T00:00:00.000Z,0.000371
2020-12-28T00:00:00.000Z,0.000282
2021-01-04T00:00:00.000Z,0.00032
2021-01-11T00:00:00.000Z,0.000385
2021-01-18T00:00:00.000Z,0.000301
2021-01-25T00:00:00.000Z,0.000338
2021-02-01T00:00:00.000Z,0.000394
2021-02-08T00:00:00.000Z,0.000488
2021-02-15T00:00:00.000Z,0.000438
2021-02-22T00:00:00.000Z,0.000462
2021-03-01T00:00:00.000Z,0.00036
2021-03-08T00:00:00.000Z,0.000348
2021-03-15T00:00:00.000Z,0.000346
2021-03-22T00:00:00.000Z,0.00026
2021-03-29T00:00:00.000Z,0.00029
2021-04-05T00:00:00.000Z,0.000317
2021-04-12T00:00:00.000Z,0.000542
2021-04-19T00:00:00.000Z,0.000901
2021-04-26T00:00:00.000Z,0.000505
2021-05-03T00:00:00.000Z,0.000333
2021-05-10T00:00:00.000Z,0.00027
2021-05-17T00:00:00.000Z,0.000444
2021-05-24T00:00:00.000Z,0.000312
2021-05-31T00:00:00.000Z,0.000179
2021-06-07T00:00:00.000Z,0.000157
2021-06-14T00:00:00.000Z,0.000144
2021-06-21T00:00:00.000Z,0.000209
2021-06-28T00:00:00.000Z,0.000276
2021-07-05T00:00:00.000Z,0.00015
2021-07-12T00:00:00.000Z,0.000099
2021-07-19T00:00:00.000Z,0.00007
2021-07-26T00:00:00.000Z,0.000059
2021-08-02T00:00:00.000Z,0.000055
2021-08-09T00:00:00.000Z,0.000058
2021-08-16T00:00:00.000Z,0.000058
2021-08-23T00:00:00.000Z,0.000049
2021-08-30T00:00:00.000Z,0.000057
2021-09-06T00:00:00.000Z,0.000055
2021-09-13T00:00:00.000Z,0.000055
2021-09-20T00:00:00.000Z,0.000051
2021-09-27T00:00:00.000Z,0.000049
2021-10-04T00:00:00.000Z,0.000063
2021-10-11T00:00:00.000Z,0.000063
2021-10-18T00:00:00.000Z,0.000054
2021-10-25T00:00:00.000Z,0.000045
2021-11-01T00:00:00.000Z,0.000053
2021-11-08T00:00:00.000Z,0.000054
2021-11-15T00:00:00.000Z,0.000045
2021-11-22T00:00:00.000Z,0.000044
2021-11-29T00:00:00.000Z,0.000061
2021-12-06T00:00:00.000Z,0.000039
2021-12-13T00:00:00.000Z,0.000042
2021-12-20T00:00:00.000Z,0.00004
2021-12-27T00:00:00.000Z,0.000059
2022-01-03T00:00:00.000Z,0.00005
2022-01-10T00:00:00.000Z,0.000038
2022-01-17T00:00:00.000Z,0.000038
2022-01-24T00:00:00.000Z,0.000047
2022-01-31T00:00:00.000Z,0.000049
2022-02-07T00:00:00.000Z,0.000057
2022-02-14T00:00:00.000Z,0.000038
2022-02-21T00:00:00.000Z,0.000036
2022-02-28T00:00:00.000Z,0.000062
2022-03-07T00:00:00.000Z,0.00004
2022-03-14T00:00:00.000Z,0.000037
2022-03-21T00:00:00.000Z,0.000039
2022-03-28T00:00:00.000Z,0.000048
2022-04-04T00:00:00.000Z,0.000039
2022-04-11T00:00:00.000Z,0.000036
2022-04-18T00:00:00.000Z,0.000035
2022-04-25T00:00:00.000Z,0.000041
2022-05-02T00:00:00.000Z,0.000053
2022-05-09T00:00:00.000Z,0.000085
2022-05-16T00:00:00.000Z,0.000064
2022-05-23T00:00:00.000Z,0.000061
2022-05-30T00:00:00.000Z,0.000059
2022-06-06T00:00:00.000Z,0.000045
2022-06-13T00:00:00.000Z,0.000087
2022-06-20T00:00:00.000Z,0.000063
2022-06-27T00:00:00.000Z,0.000057
2022-07-04T00:00:00.000Z,0.000077
2022-07-11T00:00:00.000Z,0.000086
2022-07-18T00:00:00.000Z,0.000081
2022-07-25T00:00:00.000Z,0.000053
2022-08-01T00:00:00.000Z,0.00006
2022-08-08T00:00:00.000Z,0.000063
2022-08-15T00:00:00.000Z,0.000047
2022-08-22T00:00:00.000Z,0.000041
2022-08-29T00:00:00.000Z,0.000053
2022-09-05T00:00:00.000Z,0.000056
2022-09-07T00:00:00.000Z,0.000056
2022-09-08T00:00:00.000Z,0.000059
2022-09-09T00:00:00.000Z,0.00006
2022-09-10T00:00:00.000Z,0.000051
2022-09-11T00:00:00.000Z,0.000046
2022-09-12T00:00:00.000Z,0.000048
2022-09-13T00:00:00.000Z,0.00006
2022-09-14T00:00:00.000Z,0.000063
2022-09-15T00:00:00.000Z,0.000062
2022-09-16T00:00:00.000Z,0.000073
2022-09-17T00:00:00.000Z,0.000068
2022-09-18T00:00:00.000Z,0.000057
2022-09-19T00:00:00.000Z,0.000052
2022-09-20T00:00:00.000Z,0.000055
2022-09-21T00:00:00.000Z,0.000054
2022-09-22T00:00:00.000Z,0.000053
2022-09-23T00:00:00.000Z,0.000056
2022-09-24T00:00:00.000Z,0.000049
2022-09-25T00:00:00.000Z,0.00005
2022-09-26T00:00:00.000Z,0.000056
2022-09-27T00:00:00.000Z,0.000062
2022-09-28T00:00:00.000Z,0.000053
2022-09-29T00:00:00.000Z,0.000056
2022-09-30T00:00:00.000Z,0.000058
2022-10-01T00:00:00.000Z,0.000051
2022-10-02T00:00:00.000Z,0.000042
2022-10-03T00:00:00.000Z,0.000042
2022-10-04T00:00:00.000Z,0.000037
2022-10-05T00:00:00.000Z,0.000034
2022-10-06T00:00:00.000Z,0.000037
2022-10-07T00:00:00.000Z,0.000039
2022-10-08T00:00:00.000Z,0.000028
2022-10-09T00:00:00.000Z,0.000028
2022-10-10T00:00:00.000Z,0.000031
2022-10-11T00:00:00.000Z,0.000033
2022-10-12T00:00:00.000Z,0.000036
2022-10-13T00:00:00.000Z,0.000053
2022-10-14T00:00:00.000Z,0.000053
2022-10-15T00:00:00.000Z,0.000038
2022-10-16T00:00:00.000Z,0.000039
2022-10-17T00:00:00.000Z,0.00005
2022-10-18T00:00:00.000Z,0.000065
2022-10-19T00:00:00.000Z,0.000063
2022-10-20T00:00:00.000Z,0.000048
2022-10-21T00:00:00.000Z,0.000044
2022-10-22T00:00:00.000Z,0.00004
2022-10-23T00:00:00.000Z,0.000036
2022-10-24T00:00:00.000Z,0.000045
2022-10-25T00:00:00.000Z,0.000068
2022-10-26T00:00:00.000Z,0.000077
2022-10-27T00:00:00.000Z,0.000065
2022-10-28T00:00:00.000Z,0.000066
2022-10-29T00:00:00.000Z,0.000058
2022-10-30T00:00:00.000Z,0.000057
2022-10-31T00:00:00.000Z,0.000054
2022-11-01T00:00:00.000Z,0.000054
2022-11-02T00:00:00.000Z,0.000065
2022-11-03T00:00:00.000Z,0.000064
2022-11-04T00:00:00.000Z,0.00007
2022-11-05T00:00:00.000Z,0.000062
2022-11-06T00:00:00.000Z,0.000062
2022-11-07T00:00:00.000Z,0.00006
2022-11-08T00:00:00.000Z,0.000074
2022-11-09T00:00:00.000Z,0.000085
2022-11-10T00:00:00.000Z,0.000083
2022-11-11T00:00:00.000Z,0.000077
2022-11-12T00:00:00.000Z,0.000068
2022-11-13T00:00:00.000Z,0.000072
2022-11-14T00:00:00.000Z,0.000094
2022-11-15T00:00:00.000Z,0.000128
2022-11-16T00:00:00.000Z,0.000132
2022-11-17T00:00:00.000Z,0.000139
2022-11-18T00:00:00.000Z,0.000155
2022-11-19T00:00:00.000Z,0.000104
2022-11-20T00:00:00.000Z,0.000085
2022-11-21T00:00:00.000Z,0.000094
2022-11-22T00:00:00.000Z,0.000106
2022-11-23T00:00:00.000Z,0.000105
2022-11-24T00:00:00.000Z,0.00011
2022-11-25T00:00:00.000Z,0.000105
2022-11-26T00:00:00.000Z,0.000103
2022-11-27T00:00:00.000Z,0.00008
2022-11-28T00:00:00.000Z,0.000087
2022-11-29T00:00:00.000Z,0.000086
2022-11-30T00:00:00.000Z,0.0001
2022-12-01T00:00:00.000Z,0.000103
2022-12-02T00:00:00.000Z,0.000106
2022-12-03T00:00:00.000Z,0.000092
2022-12-04T00:00:00.000Z,0.000077
2022-12-05T00:00:00.000Z,0.000078
2022-12-06T00:00:00.000Z,0.000086
2022-12-07T00:00:00.000Z,0.000067
2022-12-08T00:00:00.000Z,0.000056
2022-12-09T00:00:00.000Z,0.000052
2022-12-10T00:00:00.000Z,0.000051
2022-12-11T00:00:00.000Z,0.000038
2022-12-12T00:00:00.000Z,0.000048
2022-12-13T00:00:00.000Z,0.000046
2022-12-14T00:00:00.000Z,0.000055
2022-12-15T00:00:00.000Z,0.000074
2022-12-16T00:00:00.000Z,0.000065
2022-12-17T00:00:00.000Z,0.000066
2022-12-18T00:00:00.000Z,0.000054
2022-12-19T00:00:00.000Z,0.00007
2022-12-20T00:00:00.000Z,0.000067
2022-12-21T00:00:00.000Z,0.000061
2022-12-22T00:00:00.000Z,0.000063
2022-12-23T00:00:00.000Z,0.000063
2022-12-24T00:00:00.000Z,0.000083
2022-12-25T00:00:00.000Z,0.000067
2022-12-26T00:00:00.000Z,0.000078
2022-12-27T00:00:00.000Z,0.0001
2022-12-28T00:00:00.000Z,0.000076
2022-12-29T00:00:00.000Z,0.000077
2022-12-30T00:00:00.000Z,0.000075
2022-12-31T00:00:00.000Z,0.00005
2023-01-01T00:00:00.000Z,0.000038
2023-01-02T00:00:00.000Z,0.000038
2023-01-03T00:00:00.000Z,0.000047
2023-01-04T00:00:00.000Z,0.000053
2023-01-05T00:00:00.000Z,0.000051
2023-01-06T00:00:00.000Z,0.000048
2023-01-07T00:00:00.000Z,0.000034
2023-01-08T00:00:00.000Z,0.00003
2023-01-09T00:00:00.000Z,0.000038
2023-01-10T00:00:00.000Z,0.000037
2023-01-11T00:00:00.000Z,0.000043
2023-01-12T00:00:00.000Z,0.000052
2023-01-13T00:00:00.000Z,0.000053
2023-01-14T00:00:00.000Z,0.000045
2023-01-15T00:00:00.000Z,0.000032
2023-01-16T00:00:00.000Z,0.000034
2023-01-17T00:00:00.000Z,0.000042
2023-01-18T00:00:00.000Z,0.000054
2023-01-19T00:00:00.000Z,0.000054
2023-01-20T00:00:00.000Z,0.000066
2023-01-21T00:00:00.000Z,0.000057
2023-01-22T00:00:00.000Z,0.000055
2023-01-23T00:00:00.000Z,0.000051
2023-01-24T00:00:00.000Z,0.000058
2023-01-25T00:00:00.000Z,0.000042
2023-01-26T00:00:00.000Z,0.000041
2023-01-27T00:00:00.000Z,0.000047
2023-01-28T00:00:00.000Z,0.000043
2023-01-29T00:00:00.000Z,0.000033
2023-01-30T00:00:00.000Z,0.000036
2023-01-31T00:00:00.000Z,0.000059
2023-02-01T00:00:00.000Z,0.000064
2023-02-02T00:00:00.000Z,0.000064
2023-02-03T00:00:00.000Z,0.000077
2023-02-04T00:00:00.000Z,0.000067
2023-02-05T00:00:00.000Z,0.000055
2023-02-06T00:00:00.000Z,0.000061
2023-02-07T00:00:00.000Z,0.000074
2023-02-08T00:00:00.000Z,0.000058
2023-02-09T00:00:00.000Z,0.000058
2023-02-10T00:00:00.000Z,0.00009
2023-02-11T00:00:00.000Z,0.00008
2023-02-12T00:00:00.000Z,0.000073
2023-02-13T00:00:00.000Z,0.000081
2023-02-14T00:00:00.000Z,0.000085
2023-02-15T00:00:00.000Z,0.000109
2023-02-16T00:00:00.000Z,0.000091
2023-02-17T00:00:00.000Z,0.000083
2023-02-18T00:00:00.000Z,0.000072
2023-02-19T00:00:00.000Z,0.000064
2023-02-20T00:00:00.000Z,0.000066
2023-02-21T00:00:00.000Z,0.00006
2023-02-22T00:00:00.000Z,0.000065
2023-02-23T00:00:00.000Z,0.000065
2023-02-24T00:00:00.000Z,0.000063
2023-02-25T00:00:00.000Z,0.000062
2023-02-26T00:00:00.000Z,0.000054
2023-02-27T00:00:00.000Z,0.000077
2023-02-28T00:00:00.000Z,0.000078
2023-03-01T00:00:00.000Z,0.000068
2023-03-02T00:00:00.000Z,0.000073
2023-03-03T00:00:00.000Z,0.000079
2023-03-04T00:00:00.000Z,0.000066
2023-03-05T00:00:00.000Z,0.000061
2023-03-06T00:00:00.000Z,0.000076
2023-03-07T00:00:00.000Z,0.000071
2023-03-08T00:00:00.000Z,0.00009
2023-03-09T00:00:00.000Z,0.000133
2023-03-10T00:00:00.000Z,0.000133
2023-03-11T00:00:00.000Z,0.000085
2023-03-12T00:00:00.000Z,0.00008
2023-03-13T00:00:00.000Z,0.000078
2023-03-14T00:00:00.000Z,0.000113
2023-03-15T00:00:00.000Z,0.000098
2023-03-16T00:00:00.000Z,0.000113
2023-03-17T00:00:00.000Z,0.000125
2023-03-18T00:00:00.000Z,0.000118
2023-03-19T00:00:00.000Z,0.000106
2023-03-20T00:00:00.000Z,0.000087
2023-03-21T00:00:00.000Z,0.000088
2023-03-22T00:00:00.000Z,0.000119
2023-03-23T00:00:00.000Z,0.000132
2023-03-24T00:00:00.000Z,0.000152
2023-03-25T00:00:00.000Z,0.000105
2023-03-26T00:00:00.000Z,0.000084
2023-03-27T00:00:00.000Z,0.000078
2023-03-28T00:00:00.000Z,0.000089
2023-03-29T00:00:00.000Z,0.000082
2023-03-30T00:00:00.000Z,0.000084
2023-03-31T00:00:00.000Z,0.000106
2023-04-01T00:00:00.000Z,0.000099
2023-04-02T00:00:00.000Z,0.000072
2023-04-03T00:00:00.000Z,0.000083
2023-04-04T00:00:00.000Z,0.00008
2023-04-05T00:00:00.000Z,0.000092
2023-04-06T00:00:00.000Z,0.000093
2023-04-07T00:00:00.000Z,0.000076
2023-04-08T00:00:00.000Z,0.000069
2023-04-09T00:00:00.000Z,0.000061
2023-04-10T00:00:00.000Z,0.000075
2023-04-11T00:00:00.000Z,0.000081
2023-04-12T00:00:00.000Z,0.000073
2023-04-13T00:00:00.000Z,0.000078
2023-04-14T00:00:00.000Z,0.000088
2023-04-15T00:00:00.000Z,0.000077
2023-04-16T00:00:00.000Z,0.000069
2023-04-17T00:00:00.000Z,0.000066
2023-04-18T00:00:00.000Z,0.000065
2023-04-19T00:00:00.000Z,0.000069
2023-04-20T00:00:00.000Z,0.000072
2023-04-21T00:00:00.000Z,0.000068
2023-04-22T00:00:00.000Z,0.000046
2023-04-23T00:00:00.000Z,0.000032
2023-04-24T00:00:00.000Z,0.000057
2023-04-25T00:00:00.000Z,0.000072
2023-04-26T00:00:00.000Z,0.000076
2023-04-27T00:00:00.000Z,0.0001
2023-04-28T00:00:00.000Z,0.000095
2023-04-29T00:00:00.000Z,0.000088
2023-04-30T00:00:00.000Z,0.000084
2023-05-01T00:00:00.000Z,0.000102
2023-05-02T00:00:00.000Z,0.000249
2023-05-03T00:00:00.000Z,0.000254
2023-05-04T00:00:00.000Z,0.000231
2023-05-05T00:00:00.000Z,0.000328
2023-05-06T00:00:00.000Z,0.000303
2023-05-07T00:00:00.000Z,0.000664
2023-05-08T00:00:00.000Z,0.001105
2023-05-09T00:00:00.000Z,0.000736
2023-05-10T00:00:00.000Z,0.000506
2023-05-11T00:00:00.000Z,0.000356
2023-05-12T00:00:00.000Z,0.000341
2023-05-13T00:00:00.000Z,0.000189
2023-05-14T00:00:00.000Z,0.00014
2023-05-15T00:00:00.000Z,0.000171
2023-05-16T00:00:00.000Z,0.0002
2023-05-17T00:00:00.000Z,0.00016
2023-05-18T00:00:00.000Z,0.000224
2023-05-19T00:00:00.000Z,0.000226
2023-05-20T00:00:00.000Z,0.000201
2023-05-21T00:00:00.000Z,0.000147
2023-05-22T00:00:00.000Z,0.000142
2023-05-23T00:00:00.000Z,0.000134
2023-05-24T00:00:00.000Z,0.00016
2023-05-25T00:00:00.000Z,0.0002
2023-05-26T00:00:00.000Z,0.000184
2023-05-27T00:00:00.000Z,0.000132
2023-05-28T00:00:00.000Z,0.000126
2023-05-29T00:00:00.000Z,0.000129
2023-05-30T00:00:00.000Z,0.000155
2023-05-31T00:00:00.000Z,0.000163
2023-06-01T00:00:00.000Z,0.000197
2023-06-02T00:00:00.000Z,0.000156
2023-06-03T00:00:00.000Z,0.000116
2023-06-04T00:00:00.000Z,0.000106
2023-06-05T00:00:00.000Z,0.000161
2023-06-06T00:00:00.000Z,0.000179
2023-06-07T00:00:00.000Z,0.000225
2023-06-08T00:00:00.000Z,0.000171
2023-06-09T00:00:00.000Z,0.000189
2023-06-10T00:00:00.000Z,0.000136
2023-06-11T00:00:00.000Z,0.000088
2023-06-12T00:00:00.000Z,0.000115
2023-06-13T00:00:00.000Z,0.000091
2023-06-14T00:00:00.000Z,0.000121
2023-06-15T00:00:00.000Z,0.000097
2023-06-16T00:00:00.000Z,0.000089
2023-06-17T00:00:00.000Z,0.000084
2023-06-18T00:00:00.000Z,0.000069
2023-06-19T00:00:00.000Z,0.000075
2023-06-20T00:00:00.000Z,0.000083
2023-06-21T00:00:00.000Z,0.000121
2023-06-22T00:00:00.000Z,0.000113
2023-06-23T00:00:00.000Z,0.000107
2023-06-24T00:00:00.000Z,0.000093
2023-06-25T00:00:00.000Z,0.000077
2023-06-26T00:00:00.000Z,0.00008
2023-06-27T00:00:00.000Z,0.000073
2023-06-28T00:00:00.000Z,0.00009
2023-06-29T00:00:00.000Z,0.000085
2023-06-30T00:00:00.000Z,0.000078
2023-07-01T00:00:00.000Z,0.000078
2023-07-02T00:00:00.000Z,0.000077
2023-07-03T00:00:00.000Z,0.000078
2023-07-04T00:00:00.000Z,0.00006
2023-07-05T00:00:00.000Z,0.000043
2023-07-06T00:00:00.000Z,0.00005
2023-07-07T00:00:00.000Z,0.000035
2023-07-08T00:00:00.000Z,0.000026
2023-07-09T00:00:00.000Z,0.000022
2023-07-10T00:00:00.000Z,0.000032
2023-07-11T00:00:00.000Z,0.000039
2023-07-12T00:00:00.000Z,0.00004
2023-07-13T00:00:00.000Z,0.000052
2023-07-14T00:00:00.000Z,0.000054
2023-07-15T00:00:00.000Z,0.000035
2023-07-16T00:00:00.000Z,0.000026
2023-07-17T00:00:00.000Z,0.00004
2023-07-18T00:00:00.000Z,0.000033
2023-07-19T00:00:00.000Z,0.000038
2023-07-20T00:00:00.000Z,0.000057
2023-07-21T00:00:00.000Z,0.000071
2023-07-22T00:00:00.000Z,0.000159
2023-07-23T00:00:00.000Z,0.000046
2023-07-24T00:00:00.000Z,0.00005
2023-07-25T00:00:00.000Z,0.000039
2023-07-26T00:00:00.000Z,0.000042
2023-07-27T00:00:00.000Z,0.00005
2023-07-28T00:00:00.000Z,0.000045
2023-07-29T00:00:00.000Z,0.000038
2023-07-30T00:00:00.000Z,0.000027
2023-07-31T00:00:00.000Z,0.000037
2023-08-01T00:00:00.000Z,0.000045
2023-08-02T00:00:00.000Z,0.000053
2023-08-03T00:00:00.000Z,0.000049
2023-08-04T00:00:00.000Z,0.000071
2023-08-05T00:00:00.000Z,0.000042
2023-08-06T00:00:00.000Z,0.000028
2023-08-07T00:00:00.000Z,0.000053
2023-08-08T00:00:00.000Z,0.000088
2023-08-09T00:00:00.000Z,0.000053
2023-08-10T00:00:00.000Z,0.000069
2023-08-11T00:00:00.000Z,0.000046
2023-08-12T00:00:00.000Z,0.000039
2023-08-13T00:00:00.000Z,0.000027
2023-08-14T00:00:00.000Z,0.000032
2023-08-15T00:00:00.000Z,0.000031
2023-08-16T00:00:00.000Z,0.000032
2023-08-17T00:00:00.000Z,0.000038
2023-08-18T00:00:00.000Z,0.000052
2023-08-19T00:00:00.000Z,0.000032
2023-08-20T00:00:00.000Z,0.000024
2023-08-21T00:00:00.000Z,0.00003
2023-08-22T00:00:00.000Z,0.000045
2023-08-23T00:00:00.000Z,0.000046
2023-08-24T00:00:00.000Z,0.000044
2023-08-25T00:00:00.000Z,0.000042
2023-08-26T00:00:00.000Z,0.000032
2023-08-27T00:00:00.000Z,0.000033
2023-08-28T00:00:00.000Z,0.000051
2023-08-29T00:00:00.000Z,0.000042
2023-08-30T00:00:00.000Z,0.000047
2023-08-31T00:00:00.000Z,0.000061
2023-09-01T00:00:00.000Z,0.000062
2023-09-02T00:00:00.000Z,0.000043
2023-09-03T00:00:00.000Z,0.000032
2023-09-04T00:00:00.000Z,0.000039
2023-09-05T00:00:00.000Z,0.000053
2023-09-06T00:00:00.000Z,0.000062
2023-09-07T00:00:00.000Z,0.000059
2023-09-08T00:00:00.000Z,0.000086
2023-09-09T00:00:00.000Z,0.000054
2023-09-10T00:00:00.000Z,0.000084
2023-09-11T00:00:00.000Z,0.000071
2023-09-12T00:00:00.000Z,0.000067
2023-09-13T00:00:00.000Z,0.000061
2023-09-14T00:00:00.000Z,0.000054
2023-09-15T00:00:00.000Z,0.000046
2023-09-16T00:00:00.000Z,0.000045
2023-09-17T00:00:00.000Z,0.000046
2023-09-18T00:00:00.000Z,0.000074
2023-09-19T00:00:00.000Z,0.000095
2023-09-20T00:00:00.000Z,0.000086
2023-09-21T00:00:00.000Z,0.00011
2023-09-22T00:00:00.000Z,0.000104
2023-09-23T00:00:00.000Z,0.000082
2023-09-24T00:00:00.000Z,0.000084
2023-09-25T00:00:00.000Z,0.000117
2023-09-26T00:00:00.000Z,0.000089
2023-09-27T00:00:00.000Z,0.000094
2023-09-28T00:00:00.000Z,0.000077
2023-09-29T00:00:00.000Z,0.000089
2023-09-30T00:00:00.000Z,0.000078
2023-10-01T00:00:00.000Z,0.000059
2023-10-02T00:00:00.000Z,0.000079
2023-10-03T00:00:00.000Z,0.000094
2023-10-04T00:00:00.000Z,0.000092
2023-10-05T00:00:00.000Z,0.000084
2023-10-06T00:00:00.000Z,0.000143
2023-10-07T00:00:00.000Z,0.00017
2023-10-08T00:00:00.000Z,0.000063
2023-10-09T00:00:00.000Z,0.00007
2023-10-10T00:00:00.000Z,0.00006
2023-10-11T00:00:00.000Z,0.000082
2023-10-12T00:00:00.000Z,0.000093
2023-10-13T00:00:00.000Z,0.000079
2023-10-14T00:00:00.000Z,0.000051
2023-10-15T00:00:00.000Z,0.000045
2023-10-16T00:00:00.000Z,0.000069
2023-10-17T00:00:00.000Z,0.000066
2023-10-18T00:00:00.000Z,0.00007
2023-10-19T00:00:00.000Z,0.000066
2023-10-20T00:00:00.000Z,0.000068
2023-10-21T00:00:00.000Z,0.000059
2023-10-22T00:00:00.000Z,0.000049
2023-10-23T00:00:00.000Z,0.000056
2023-10-24T00:00:00.000Z,0.000103
2023-10-25T00:00:00.000Z,0.000086
2023-10-26T00:00:00.000Z,0.000068
2023-10-27T00:00:00.000Z,0.000056
2023-10-28T00:00:00.000Z,0.000034
2023-10-29T00:00:00.000Z,0.000033
2023-10-30T00:00:00.000Z,0.000039
2023-10-31T00:00:00.000Z,0.000042
2023-11-01T00:00:00.000Z,0.000046
2023-11-02T00:00:00.000Z,0.000057
2023-11-03T00:00:00.000Z,0.000073
2023-11-04T00:00:00.000Z,0.000114
2023-11-05T00:00:00.000Z,0.000106
2023-11-06T00:00:00.000Z,0.000169
2023-11-07T00:00:00.000Z,0.000196
2023-11-08T00:00:00.000Z,0.000202