DateTime,Transaction Fees,Rewards
2009-01-03T00:00:00.000Z,,50
2009-01-09T00:00:00.000Z,,700
2009-01-10T00:00:00.000Z,,3050
2009-01-11T00:00:00.000Z,,4650
2009-01-12T00:00:00.000Z,,4700
2009-01-13T00:00:00.000Z,,6150
2009-01-14T00:00:00.000Z,,6450
2009-01-15T00:00:00.000Z,,6300
2009-01-16T00:00:00.000Z,,5400
2009-01-17T00:00:00.000Z,,5450
2009-01-18T00:00:00.000Z,,5350
2009-01-19T00:00:00.000Z,,5750
2009-01-20T00:00:00.000Z,,5700
2009-01-21T00:00:00.000Z,,5100
2009-01-22T00:00:00.000Z,,4550
2009-01-23T00:00:00.000Z,,4200
2009-01-24T00:00:00.000Z,,10050
2009-01-25T00:00:00.000Z,,9550
2009-01-26T00:00:00.000Z,,4800
2009-01-27T00:00:00.000Z,,4850
2009-01-28T00:00:00.000Z,,5600
2009-01-29T00:00:00.000Z,,6050
2009-01-30T00:00:00.000Z,,5850
2009-01-31T00:00:00.000Z,,6900
2009-02-01T00:00:00.000Z,,5650
2009-02-02T00:00:00.000Z,,6400
2009-02-03T00:00:00.000Z,2.01,6950
2009-02-04T00:00:00.000Z,,5950
2009-02-05T00:00:00.000Z,,6300
2009-02-06T00:00:00.000Z,,6100
2009-02-07T00:00:00.000Z,,6450
2009-02-08T00:00:00.000Z,,6600
2009-02-09T00:00:00.000Z,,6700
2009-02-10T00:00:00.000Z,,6000
2009-02-11T00:00:00.000Z,,6650
2009-02-12T00:00:00.000Z,,5950
2009-02-13T00:00:00.000Z,,6200
2009-02-14T00:00:00.000Z,,6800
2009-02-15T00:00:00.000Z,,6400
2009-02-16T00:00:00.000Z,,6100
2009-02-17T00:00:00.000Z,,5850
2009-02-18T00:00:00.000Z,,5900
2009-02-19T00:00:00.000Z,,6200
2009-02-20T00:00:00.000Z,,6100
2009-02-21T00:00:00.000Z,,5700
2009-02-22T00:00:00.000Z,,6050
2009-02-23T00:00:00.000Z,,5400
2009-02-24T00:00:00.000Z,,5300
2009-02-25T00:00:00.000Z,,5250
2009-02-26T00:00:00.000Z,,5350
2009-02-27T00:00:00.000Z,,5750
2009-02-28T00:00:00.000Z,,4950
2009-03-01T00:00:00.000Z,,5250
2009-03-02T00:00:00.000Z,,5400
2009-03-03T00:00:00.000Z,,5250
2009-03-04T00:00:00.000Z,,5200
2009-03-05T00:00:00.000Z,,5600
2009-03-06T00:00:00.000Z,,5850
2009-03-07T00:00:00.000Z,,5450
2009-03-08T00:00:00.000Z,,5750
2009-03-09T00:00:00.000Z,,5400
2009-03-10T00:00:00.000Z,,5350
2009-03-11T00:00:00.000Z,,5700
2009-03-12T00:00:00.000Z,,5900
2009-03-13T00:00:00.000Z,,5650
2009-03-14T00:00:00.000Z,,5500
2009-03-15T00:00:00.000Z,,6150
2009-03-16T00:00:00.000Z,,6050
2009-03-17T00:00:00.000Z,,5700
2009-03-18T00:00:00.000Z,,5700
2009-03-19T00:00:00.000Z,,6100
2009-03-20T00:00:00.000Z,,5900
2009-03-21T00:00:00.000Z,,2500
2009-03-22T00:00:00.000Z,,5950
2009-03-23T00:00:00.000Z,,6500
2009-03-24T00:00:00.000Z,,5250
2009-03-25T00:00:00.000Z,,5850
2009-03-26T00:00:00.000Z,,5850
2009-03-27T00:00:00.000Z,,5300
2009-03-28T00:00:00.000Z,,5950
2009-03-29T00:00:00.000Z,,5800
2009-03-30T00:00:00.000Z,,6000
2009-03-31T00:00:00.000Z,,5500
2009-04-01T00:00:00.000Z,,5700
2009-04-02T00:00:00.000Z,,5750
2009-04-03T00:00:00.000Z,,5800
2009-04-04T00:00:00.000Z,,5650
2009-04-05T00:00:00.000Z,,6500
2009-04-06T00:00:00.000Z,,5450
2009-04-07T00:00:00.000Z,,5000
2009-04-08T00:00:00.000Z,,5250
2009-04-09T00:00:00.000Z,,4950
2009-04-10T00:00:00.000Z,,5400
2009-04-11T00:00:00.000Z,,6000
2009-04-12T00:00:00.000Z,,5900
2009-04-13T00:00:00.000Z,,5750
2009-04-14T00:00:00.000Z,,6200
2009-04-15T00:00:00.000Z,,5650
2009-04-16T00:00:00.000Z,,6150
2009-04-17T00:00:00.000Z,,5600
2009-04-18T00:00:00.000Z,,6300
2009-04-19T00:00:00.000Z,,5950
2009-04-20T00:00:00.000Z,,5950
2009-04-21T00:00:00.000Z,,6150
2009-04-22T00:00:00.000Z,,6050
2009-04-23T00:00:00.000Z,,3750
2009-04-24T00:00:00.000Z,,5750
2009-04-25T00:00:00.000Z,,5900
2009-04-26T00:00:00.000Z,,5600
2009-04-27T00:00:00.000Z,,5200
2009-04-28T00:00:00.000Z,,5850
2009-04-29T00:00:00.000Z,,6400
2009-04-30T00:00:00.000Z,,6550
2009-05-01T00:00:00.000Z,,6050
2009-05-02T00:00:00.000Z,0.03,6300
2009-05-03T00:00:00.000Z,,5300
2009-05-04T00:00:00.000Z,,6400
2009-05-05T00:00:00.000Z,,6750
2009-05-06T00:00:00.000Z,,6750
2009-05-07T00:00:00.000Z,,6100
2009-05-08T00:00:00.000Z,,5350
2009-05-09T00:00:00.000Z,,3900
2009-05-10T00:00:00.000Z,,4250
2009-05-11T00:00:00.000Z,0.1,6000
2009-05-12T00:00:00.000Z,,6500
2009-05-13T00:00:00.000Z,,5550
2009-05-14T00:00:00.000Z,,6950
2009-05-15T00:00:00.000Z,,6800
2009-05-16T00:00:00.000Z,,5950
2009-05-17T00:00:00.000Z,,6350
2009-05-18T00:00:00.000Z,,5900
2009-05-19T00:00:00.000Z,,4300
2009-05-20T00:00:00.000Z,,6000
2009-05-21T00:00:00.000Z,,4100
2009-05-22T00:00:00.000Z,,3050
2009-05-23T00:00:00.000Z,,1600
2009-05-24T00:00:00.000Z,,5000
2009-05-25T00:00:00.000Z,,5450
2009-05-26T00:00:00.000Z,,6250
2009-05-27T00:00:00.000Z,,5950
2009-05-28T00:00:00.000Z,,4750
2009-05-29T00:00:00.000Z,,5300
2009-05-30T00:00:00.000Z,,5450
2009-05-31T00:00:00.000Z,,4800
2009-06-01T00:00:00.000Z,,3550
2009-06-02T00:00:00.000Z,,5550
2009-06-03T00:00:00.000Z,,3550
2009-06-04T00:00:00.000Z,,3300
2009-06-05T00:00:00.000Z,,1500
2009-06-06T00:00:00.000Z,,1400
2009-06-07T00:00:00.000Z,,800
2009-06-08T00:00:00.000Z,,4100
2009-06-09T00:00:00.000Z,,4550
2009-06-10T00:00:00.000Z,,4100
2009-06-11T00:00:00.000Z,,4450
2009-06-12T00:00:00.000Z,,4300
2009-06-13T00:00:00.000Z,,3900
2009-06-14T00:00:00.000Z,,3600
2009-06-15T00:00:00.000Z,,4200
2009-06-16T00:00:00.000Z,,3550
2009-06-17T00:00:00.000Z,,3950
2009-06-18T00:00:00.000Z,,4000
2009-06-19T00:00:00.000Z,,4350
2009-06-20T00:00:00.000Z,,3900
2009-06-21T00:00:00.000Z,,4050
2009-06-22T00:00:00.000Z,,3800
2009-06-23T00:00:00.000Z,,3800
2009-06-24T00:00:00.000Z,,4750
2009-06-25T00:00:00.000Z,,3400
2009-06-26T00:00:00.000Z,,4500
2009-06-27T00:00:00.000Z,,4200
2009-06-28T00:00:00.000Z,,2300
2009-06-29T00:00:00.000Z,,4150
2009-06-30T00:00:00.000Z,,4250
2009-07-01T00:00:00.000Z,,3700
2009-07-02T00:00:00.000Z,,4150
2009-07-03T00:00:00.000Z,,4100
2009-07-04T00:00:00.000Z,,4450
2009-07-05T00:00:00.000Z,,3950
2009-07-06T00:00:00.000Z,,4200
2009-07-07T00:00:00.000Z,,3450
2009-07-08T00:00:00.000Z,,3700
2009-07-09T00:00:00.000Z,,4300
2009-07-10T00:00:00.000Z,,4050
2009-07-11T00:00:00.000Z,,4150
2009-07-12T00:00:00.000Z,,3850
2009-07-13T00:00:00.000Z,,3900
2009-07-14T00:00:00.000Z,,3450
2009-07-15T00:00:00.000Z,,2250
2009-07-16T00:00:00.000Z,,3550
2009-07-17T00:00:00.000Z,,2350
2009-07-18T00:00:00.000Z,,200
2009-07-19T00:00:00.000Z,,3500
2009-07-20T00:00:00.000Z,0.14,3500
2009-07-21T00:00:00.000Z,,4100
2009-07-22T00:00:00.000Z,,3000
2009-07-23T00:00:00.000Z,,3800
2009-07-24T00:00:00.000Z,,3650
2009-07-25T00:00:00.000Z,,1600
2009-07-26T00:00:00.000Z,,1050
2009-07-27T00:00:00.000Z,,3700
2009-07-28T00:00:00.000Z,,2050
2009-07-29T00:00:00.000Z,,950
2009-07-30T00:00:00.000Z,,750
2009-07-31T00:00:00.000Z,,850
2009-08-01T00:00:00.000Z,,1400
2009-08-02T00:00:00.000Z,,1150
2009-08-03T00:00:00.000Z,,600
2009-08-04T00:00:00.000Z,,4050
2009-08-05T00:00:00.000Z,,4350
2009-08-06T00:00:00.000Z,,4500
2009-08-07T00:00:00.000Z,0.13,4000
2009-08-08T00:00:00.000Z,,4000
2009-08-09T00:00:00.000Z,,5050
2009-08-10T00:00:00.000Z,,3750
2009-08-11T00:00:00.000Z,,3500
2009-08-12T00:00:00.000Z,,3150
2009-08-13T00:00:00.000Z,,4250
2009-08-14T00:00:00.000Z,,3150
2009-08-15T00:00:00.000Z,,1300
2009-08-16T00:00:00.000Z,,950
2009-08-17T00:00:00.000Z,,850
2009-08-18T00:00:00.000Z,,500
2009-08-19T00:00:00.000Z,,900
2009-08-20T00:00:00.000Z,,1100
2009-08-21T00:00:00.000Z,,700
2009-08-22T00:00:00.000Z,,350
2009-08-23T00:00:00.000Z,,750
2009-08-24T00:00:00.000Z,,750
2009-08-25T00:00:00.000Z,,2500
2009-08-26T00:00:00.000Z,,2400
2009-08-27T00:00:00.000Z,,1450
2009-08-28T00:00:00.000Z,,3750
2009-08-29T00:00:00.000Z,,3900
2009-08-30T00:00:00.000Z,,4850
2009-08-31T00:00:00.000Z,,4300
2009-09-01T00:00:00.000Z,,3900
2009-09-02T00:00:00.000Z,,3300
2009-09-03T00:00:00.000Z,,3050
2009-09-04T00:00:00.000Z,,3200
2009-09-05T00:00:00.000Z,,3800
2009-09-06T00:00:00.000Z,,3400
2009-09-07T00:00:00.000Z,,3900
2009-09-08T00:00:00.000Z,,3450
2009-09-09T00:00:00.000Z,,2700
2009-09-10T00:00:00.000Z,,3350
2009-09-11T00:00:00.000Z,,3350
2009-09-12T00:00:00.000Z,,3450
2009-09-13T00:00:00.000Z,,3750
2009-09-14T00:00:00.000Z,,3700
2009-09-15T00:00:00.000Z,,2200
2009-09-16T00:00:00.000Z,,3600
2009-09-17T00:00:00.000Z,0.12,4200
2009-09-18T00:00:00.000Z,,3900
2009-09-19T00:00:00.000Z,,3700
2009-09-20T00:00:00.000Z,,3900
2009-09-21T00:00:00.000Z,,3450
2009-09-22T00:00:00.000Z,,1250
2009-09-23T00:00:00.000Z,,1800
2009-09-24T00:00:00.000Z,,4850
2009-09-25T00:00:00.000Z,,4550
2009-09-26T00:00:00.000Z,,5000
2009-09-27T00:00:00.000Z,,4350
2009-09-28T00:00:00.000Z,,4250
2009-09-29T00:00:00.000Z,,4400
2009-09-30T00:00:00.000Z,,4250
2009-10-01T00:00:00.000Z,,4100
2009-10-02T00:00:00.000Z,,3600
2009-10-03T00:00:00.000Z,,2900
2009-10-04T00:00:00.000Z,,2650
2009-10-05T00:00:00.000Z,,2750
2009-10-06T00:00:00.000Z,,2150
2009-10-07T00:00:00.000Z,,3000
2009-10-08T00:00:00.000Z,,3500
2009-10-09T00:00:00.000Z,,3950
2009-10-10T00:00:00.000Z,,3850
2009-10-11T00:00:00.000Z,,3700
2009-10-12T00:00:00.000Z,,2900
2009-10-13T00:00:00.000Z,,2850
2009-10-14T00:00:00.000Z,,3450
2009-10-15T00:00:00.000Z,,3550
2009-10-16T00:00:00.000Z,,3000
2009-10-17T00:00:00.000Z,,2850
2009-10-18T00:00:00.000Z,,3700
2009-10-19T00:00:00.000Z,,5600
2009-10-20T00:00:00.000Z,0.12,4750
2009-10-21T00:00:00.000Z,,4000
2009-10-22T00:00:00.000Z,,4500
2009-10-23T00:00:00.000Z,,4450
2009-10-24T00:00:00.000Z,,3100
2009-10-25T00:00:00.000Z,,3800
2009-10-26T00:00:00.000Z,,3550
2009-10-27T00:00:00.000Z,,3200
2009-10-28T00:00:00.000Z,,3300
2009-10-29T00:00:00.000Z,,2300
2009-10-30T00:00:00.000Z,,3000
2009-10-31T00:00:00.000Z,,2300
2009-11-01T00:00:00.000Z,,1250
2009-11-02T00:00:00.000Z,,1650
2009-11-03T00:00:00.000Z,,3100
2009-11-04T00:00:00.000Z,,3150
2009-11-05T00:00:00.000Z,,2850
2009-11-06T00:00:00.000Z,,3100
2009-11-07T00:00:00.000Z,,3450
2009-11-08T00:00:00.000Z,,3650
2009-11-09T00:00:00.000Z,,3200
2009-11-10T00:00:00.000Z,,3900
2009-11-11T00:00:00.000Z,,3200
2009-11-12T00:00:00.000Z,,3300
2009-11-13T00:00:00.000Z,,4000
2009-11-14T00:00:00.000Z,,3950
2009-11-15T00:00:00.000Z,,4800
2009-11-16T00:00:00.000Z,,4850
2009-11-17T00:00:00.000Z,,4600
2009-11-18T00:00:00.000Z,,3950
2009-11-19T00:00:00.000Z,,3500
2009-11-20T00:00:00.000Z,,4300
2009-11-21T00:00:00.000Z,,3650
2009-11-22T00:00:00.000Z,,5300
2009-11-23T00:00:00.000Z,,4800
2009-11-24T00:00:00.000Z,,4650
2009-11-25T00:00:00.000Z,,4500
2009-11-26T00:00:00.000Z,,4200
2009-11-27T00:00:00.000Z,,3700
2009-11-28T00:00:00.000Z,,3550
2009-11-29T00:00:00.000Z,,3000
2009-11-30T00:00:00.000Z,,3750
2009-12-01T00:00:00.000Z,0.22,3650
2009-12-02T00:00:00.000Z,,4700
2009-12-03T00:00:00.000Z,,4400
2009-12-04T00:00:00.000Z,,1800
2009-12-05T00:00:00.000Z,,3200
2009-12-06T00:00:00.000Z,,5150
2009-12-07T00:00:00.000Z,,5600
2009-12-08T00:00:00.000Z,,5250
2009-12-09T00:00:00.000Z,,4800
2009-12-10T00:00:00.000Z,,5200
2009-12-11T00:00:00.000Z,,5600
2009-12-12T00:00:00.000Z,,5500
2009-12-13T00:00:00.000Z,,5700
2009-12-14T00:00:00.000Z,,5100
2009-12-15T00:00:00.000Z,,5500
2009-12-16T00:00:00.000Z,,6800
2009-12-17T00:00:00.000Z,,8450
2009-12-18T00:00:00.000Z,,11250
2009-12-19T00:00:00.000Z,,9900
2009-12-20T00:00:00.000Z,,8750
2009-12-21T00:00:00.000Z,,8750
2009-12-22T00:00:00.000Z,,8100
2009-12-23T00:00:00.000Z,,7700
2009-12-24T00:00:00.000Z,,7700
2009-12-25T00:00:00.000Z,,7450
2009-12-26T00:00:00.000Z,,8700
2009-12-27T00:00:00.000Z,,8350
2009-12-28T00:00:00.000Z,,6850
2009-12-29T00:00:00.000Z,,8550
2009-12-30T00:00:00.000Z,,7050
2009-12-31T00:00:00.000Z,,6900
2010-01-01T00:00:00.000Z,,6600
2010-01-02T00:00:00.000Z,,6300
2010-01-03T00:00:00.000Z,,9300
2010-01-04T00:00:00.000Z,,9050
2010-01-05T00:00:00.000Z,,9900
2010-01-06T00:00:00.000Z,,8150
2010-01-07T00:00:00.000Z,,7700
2010-01-08T00:00:00.000Z,,7650
2010-01-09T00:00:00.000Z,,7550
2010-01-10T00:00:00.000Z,,9500
2010-01-11T00:00:00.000Z,,7950
2010-01-12T00:00:00.000Z,0.26,7950
2010-01-13T00:00:00.000Z,,8200
2010-01-14T00:00:00.000Z,,7150
2010-01-15T00:00:00.000Z,,7050
2010-01-16T00:00:00.000Z,,6250
2010-01-17T00:00:00.000Z,,6550
2010-01-18T00:00:00.000Z,,6250
2010-01-19T00:00:00.000Z,,6200
2010-01-20T00:00:00.000Z,,7900
2010-01-21T00:00:00.000Z,,8750
2010-01-22T00:00:00.000Z,,6650
2010-01-23T00:00:00.000Z,,8000
2010-01-24T00:00:00.000Z,,7700
2010-01-25T00:00:00.000Z,,10550
2010-01-26T00:00:00.000Z,,9750
2010-01-27T00:00:00.000Z,,8200
2010-01-28T00:00:00.000Z,,8850
2010-01-29T00:00:00.000Z,,9850
2010-01-30T00:00:00.000Z,,10500
2010-01-31T00:00:00.000Z,,8250
2010-02-01T00:00:00.000Z,,9200
2010-02-02T00:00:00.000Z,,7250
2010-02-03T00:00:00.000Z,,13500
2010-02-04T00:00:00.000Z,,11450
2010-02-05T00:00:00.000Z,,11150
2010-02-06T00:00:00.000Z,,9600
2010-02-07T00:00:00.000Z,,10850
2010-02-08T00:00:00.000Z,,10000
2010-02-09T00:00:00.000Z,0.44,10350
2010-02-10T00:00:00.000Z,,8400
2010-02-11T00:00:00.000Z,,8450
2010-02-12T00:00:00.000Z,,9150
2010-02-13T00:00:00.000Z,,11600
2010-02-14T00:00:00.000Z,,10400
2010-02-15T00:00:00.000Z,,8800
2010-02-16T00:00:00.000Z,,9750
2010-02-17T00:00:00.000Z,,11950
2010-02-18T00:00:00.000Z,,10400
2010-02-19T00:00:00.000Z,,9600
2010-02-20T00:00:00.000Z,,10400
2010-02-21T00:00:00.000Z,,11150
2010-02-22T00:00:00.000Z,,13000
2010-02-23T00:00:00.000Z,,12500
2010-02-24T00:00:00.000Z,,8550
2010-02-25T00:00:00.000Z,,7700
2010-02-26T00:00:00.000Z,,8600
2010-02-27T00:00:00.000Z,,8600
2010-02-28T00:00:00.000Z,,7800
2010-03-01T00:00:00.000Z,,9750
2010-03-02T00:00:00.000Z,,9400
2010-03-03T00:00:00.000Z,,7600
2010-03-04T00:00:00.000Z,,9250
2010-03-05T00:00:00.000Z,,8550
2010-03-06T00:00:00.000Z,,8850
2010-03-07T00:00:00.000Z,,8950
2010-03-08T00:00:00.000Z,,6250
2010-03-09T00:00:00.000Z,,7300
2010-03-10T00:00:00.000Z,,8100
2010-03-11T00:00:00.000Z,,6650
2010-03-12T00:00:00.000Z,,6050
2010-03-13T00:00:00.000Z,,7650
2010-03-14T00:00:00.000Z,,6250
2010-03-15T00:00:00.000Z,,6750
2010-03-16T00:00:00.000Z,,6300
2010-03-17T00:00:00.000Z,,6800
2010-03-18T00:00:00.000Z,,7000
2010-03-19T00:00:00.000Z,,7650
2010-03-20T00:00:00.000Z,,9600
2010-03-21T00:00:00.000Z,,9150
2010-03-22T00:00:00.000Z,,8950
2010-03-23T00:00:00.000Z,,10350
2010-03-24T00:00:00.000Z,,8550
2010-03-25T00:00:00.000Z,,9350
2010-03-26T00:00:00.000Z,,9850
2010-03-27T00:00:00.000Z,,8900
2010-03-28T00:00:00.000Z,,9300
2010-03-29T00:00:00.000Z,,9750
2010-03-30T00:00:00.000Z,,10750
2010-03-31T00:00:00.000Z,,10450
2010-04-01T00:00:00.000Z,,8400
2010-04-02T00:00:00.000Z,,7800
2010-04-03T00:00:00.000Z,,8050
2010-04-04T00:00:00.000Z,0.26,8550
2010-04-05T00:00:00.000Z,,7650
2010-04-06T00:00:00.000Z,,7950
2010-04-07T00:00:00.000Z,,9650
2010-04-08T00:00:00.000Z,,9150
2010-04-09T00:00:00.000Z,,9450
2010-04-10T00:00:00.000Z,,13000
2010-04-11T00:00:00.000Z,,11150
2010-04-12T00:00:00.000Z,,10150
2010-04-13T00:00:00.000Z,,9450
2010-04-14T00:00:00.000Z,,9000
2010-04-15T00:00:00.000Z,,10800
2010-04-16T00:00:00.000Z,,10100
2010-04-17T00:00:00.000Z,,11050
2010-04-18T00:00:00.000Z,,12250
2010-04-19T00:00:00.000Z,,11600
2010-04-20T00:00:00.000Z,,10250
2010-04-21T00:00:00.000Z,,10950
2010-04-22T00:00:00.000Z,,7950
2010-04-23T00:00:00.000Z,,7500
2010-04-24T00:00:00.000Z,,8400
2010-04-25T00:00:00.000Z,,7900
2010-04-26T00:00:00.000Z,,8200
2010-04-27T00:00:00.000Z,,9000
2010-04-28T00:00:00.000Z,,9000
2010-04-29T00:00:00.000Z,,7350
2010-04-30T00:00:00.000Z,,7200
2010-05-01T00:00:00.000Z,,9150
2010-05-02T00:00:00.000Z,,7750
2010-05-03T00:00:00.000Z,,7950
2010-05-04T00:00:00.000Z,,6800
2010-05-05T00:00:00.000Z,,6850
2010-05-06T00:00:00.000Z,,7450
2010-05-07T00:00:00.000Z,,6600
2010-05-08T00:00:00.000Z,,7700
2010-05-09T00:00:00.000Z,,7150
2010-05-10T00:00:00.000Z,,6400
2010-05-11T00:00:00.000Z,,5550
2010-05-12T00:00:00.000Z,,6350
2010-05-13T00:00:00.000Z,,6400
2010-05-14T00:00:00.000Z,6.71,6150
2010-05-15T00:00:00.000Z,2.64,4550
2010-05-16T00:00:00.000Z,,5650
2010-05-17T00:00:00.000Z,,7150
2010-05-18T00:00:00.000Z,,8400
2010-05-19T00:00:00.000Z,,8200
2010-05-20T00:00:00.000Z,,10150
2010-05-21T00:00:00.000Z,,8800
2010-05-22T00:00:00.000Z,0.99,9750
2010-05-23T00:00:00.000Z,,10550
2010-05-24T00:00:00.000Z,,9400
2010-05-25T00:00:00.000Z,,10500
2010-05-26T00:00:00.000Z,,11150
2010-05-27T00:00:00.000Z,,9600
2010-05-28T00:00:00.000Z,,11150
2010-05-29T00:00:00.000Z,,9200
2010-05-30T00:00:00.000Z,,7450
2010-05-31T00:00:00.000Z,,7100
2010-06-01T00:00:00.000Z,,6750
2010-06-02T00:00:00.000Z,,7350
2010-06-03T00:00:00.000Z,,7600
2010-06-04T00:00:00.000Z,,6250
2010-06-05T00:00:00.000Z,,7250
2010-06-06T00:00:00.000Z,,7400
2010-06-07T00:00:00.000Z,,7850
2010-06-08T00:00:00.000Z,,8000
2010-06-09T00:00:00.000Z,,8400
2010-06-10T00:00:00.000Z,,8000
2010-06-11T00:00:00.000Z,,8400
2010-06-12T00:00:00.000Z,,6750
2010-06-13T00:00:00.000Z,,8600
2010-06-14T00:00:00.000Z,,8050
2010-06-15T00:00:00.000Z,,9200
2010-06-16T00:00:00.000Z,,7100
2010-06-17T00:00:00.000Z,,7300
2010-06-18T00:00:00.000Z,,7500
2010-06-19T00:00:00.000Z,,7500
2010-06-20T00:00:00.000Z,,9250
2010-06-21T00:00:00.000Z,,7700
2010-06-22T00:00:00.000Z,,7800
2010-06-23T00:00:00.000Z,,9350
2010-06-24T00:00:00.000Z,,8450
2010-06-25T00:00:00.000Z,,7500
2010-06-26T00:00:00.000Z,,7950
2010-06-27T00:00:00.000Z,,8900
2010-06-28T00:00:00.000Z,,7600
2010-06-29T00:00:00.000Z,,8450
2010-06-30T00:00:00.000Z,1.37,9100
2010-07-01T00:00:00.000Z,,10550
2010-07-02T00:00:00.000Z,,8350
2010-07-03T00:00:00.000Z,,10600
2010-07-04T00:00:00.000Z,,8300
2010-07-05T00:00:00.000Z,,8950
2010-07-06T00:00:00.000Z,,8450
2010-07-07T00:00:00.000Z,,7800
2010-07-08T00:00:00.000Z,,7550
2010-07-09T00:00:00.000Z,,9950
2010-07-10T00:00:00.000Z,,9900
2010-07-11T00:00:00.000Z,,8950
2010-07-12T00:00:00.000Z,,32950
2010-07-13T00:00:00.000Z,,34600
2010-07-14T00:00:00.000Z,0.01,28900
2010-07-15T00:00:00.000Z,0.66,31200
2010-07-16T00:00:00.000Z,0.27,25250
2010-07-17T00:00:00.000Z,0.05,8650
2010-07-18T00:00:00.000Z,0.83,8600
2010-07-19T00:00:00.000Z,0.09,8700
2010-07-20T00:00:00.000Z,,9050
2010-07-21T00:00:00.000Z,,10350
2010-07-22T00:00:00.000Z,,8800
2010-07-23T00:00:00.000Z,0.01,9700
2010-07-24T00:00:00.000Z,,9450
2010-07-25T00:00:00.000Z,2.9,11550
2010-07-26T00:00:00.000Z,1.51,12150
2010-07-27T00:00:00.000Z,0.67,8300
2010-07-28T00:00:00.000Z,1.05,7950
2010-07-29T00:00:00.000Z,0.89,9000
2010-07-30T00:00:00.000Z,0.29,9100
2010-07-31T00:00:00.000Z,0.3,10150
2010-08-01T00:00:00.000Z,0.31,11950
2010-08-02T00:00:00.000Z,0.21,12100
2010-08-03T00:00:00.000Z,,11350
2010-08-04T00:00:00.000Z,,12150
2010-08-05T00:00:00.000Z,,10900
2010-08-06T00:00:00.000Z,,7350
2010-08-07T00:00:00.000Z,2.31,7750
2010-08-08T00:00:00.000Z,,9950
2010-08-09T00:00:00.000Z,4.32,9500
2010-08-10T00:00:00.000Z,,9550
2010-08-11T00:00:00.000Z,,11650
2010-08-12T00:00:00.000Z,,10850
2010-08-13T00:00:00.000Z,,10750
2010-08-14T00:00:00.000Z,,14050
2010-08-15T00:00:00.000Z,,10350
2010-08-16T00:00:00.000Z,0.67,7350
2010-08-17T00:00:00.000Z,,6450
2010-08-18T00:00:00.000Z,1.56,6650
2010-08-19T00:00:00.000Z,,6750
2010-08-20T00:00:00.000Z,,9650
2010-08-21T00:00:00.000Z,,8650
2010-08-22T00:00:00.000Z,,10600
2010-08-23T00:00:00.000Z,,10650
2010-08-24T00:00:00.000Z,0.8,10750
2010-08-25T00:00:00.000Z,,10800
2010-08-26T00:00:00.000Z,,10500
2010-08-27T00:00:00.000Z,,8550
2010-08-28T00:00:00.000Z,0.000001,8500
2010-08-29T00:00:00.000Z,0.23,8100
2010-08-30T00:00:00.000Z,0.36,7450
2010-08-31T00:00:00.000Z,0.2,9200
2010-09-01T00:00:00.000Z,0.08,7850
2010-09-02T00:00:00.000Z,,7800
2010-09-03T00:00:00.000Z,,8200
2010-09-04T00:00:00.000Z,,9050
2010-09-05T00:00:00.000Z,0.01,8250
2010-09-06T00:00:00.000Z,,7900
2010-09-07T00:00:00.000Z,,8000
2010-09-08T00:00:00.000Z,,8250
2010-09-09T00:00:00.000Z,0.11,6750
2010-09-10T00:00:00.000Z,,8850
2010-09-11T00:00:00.000Z,,8000
2010-09-12T00:00:00.000Z,0.15,8850
2010-09-13T00:00:00.000Z,,8550
2010-09-14T00:00:00.000Z,0.009604,10150
2010-09-15T00:00:00.000Z,,8450
2010-09-16T00:00:00.000Z,,10950
2010-09-17T00:00:00.000Z,,10400
2010-09-18T00:00:00.000Z,0.18,11850
2010-09-19T00:00:00.000Z,,10450
2010-09-20T00:00:00.000Z,,10150
2010-09-21T00:00:00.000Z,,8600
2010-09-22T00:00:00.000Z,,8700
2010-09-23T00:00:00.000Z,,11700
2010-09-24T00:00:00.000Z,,11400
2010-09-25T00:00:00.000Z,,10350
2010-09-26T00:00:00.000Z,,10250
2010-09-27T00:00:00.000Z,0.02,11450
2010-09-28T00:00:00.000Z,1.44,10600
2010-09-29T00:00:00.000Z,,8200
2010-09-30T00:00:00.000Z,,7300
2010-10-01T00:00:00.000Z,0.56,7700
2010-10-02T00:00:00.000Z,0.007768,5000
2010-10-03T00:00:00.000Z,0.007766,6100
2010-10-04T00:00:00.000Z,0.000001,7650
2010-10-05T00:00:00.000Z,,6300
2010-10-06T00:00:00.000Z,0.000001,8550
2010-10-07T00:00:00.000Z,,8000
2010-10-08T00:00:00.000Z,,7700
2010-10-09T00:00:00.000Z,,7900
2010-10-10T00:00:00.000Z,,8900
2010-10-11T00:00:00.000Z,0.000001,7950
2010-10-12T00:00:00.000Z,,7750
2010-10-13T00:00:00.000Z,0.35,8800
2010-10-14T00:00:00.000Z,,10250
2010-10-15T00:00:00.000Z,,8850
2010-10-16T00:00:00.000Z,,12900
2010-10-17T00:00:00.000Z,,13500
2010-10-18T00:00:00.000Z,0.02,12450
2010-10-19T00:00:00.000Z,,12800
2010-10-20T00:00:00.000Z,,13200
2010-10-21T00:00:00.000Z,0.007766,9300
2010-10-22T00:00:00.000Z,,7700
2010-10-23T00:00:00.000Z,0.05,8750
2010-10-24T00:00:00.000Z,,10250
2010-10-25T00:00:00.000Z,,10150
2010-10-26T00:00:00.000Z,,12050
2010-10-27T00:00:00.000Z,,10650
2010-10-28T00:00:00.000Z,,10950
2010-10-29T00:00:00.000Z,,11150
2010-10-30T00:00:00.000Z,,12600
2010-10-31T00:00:00.000Z,,8950
2010-11-01T00:00:00.000Z,,8850
2010-11-02T00:00:00.000Z,,8800
2010-11-03T00:00:00.000Z,,9500
2010-11-04T00:00:00.000Z,,10050
2010-11-05T00:00:00.000Z,,10950
2010-11-06T00:00:00.000Z,,10900
2010-11-07T00:00:00.000Z,,12050
2010-11-08T00:00:00.000Z,0.83,13750
2010-11-09T00:00:00.000Z,,10850
2010-11-10T00:00:00.000Z,,10150
2010-11-11T00:00:00.000Z,,10950
2010-11-12T00:00:00.000Z,,8450
2010-11-13T00:00:00.000Z,,11150
2010-11-14T00:00:00.000Z,,12800
2010-11-15T00:00:00.000Z,0.48,10000
2010-11-16T00:00:00.000Z,,9850
2010-11-17T00:00:00.000Z,,12350
2010-11-18T00:00:00.000Z,,12850
2010-11-19T00:00:00.000Z,0.08,7500
2010-11-20T00:00:00.000Z,1,5800
2010-11-21T00:00:00.000Z,1.04,7000
2010-11-22T00:00:00.000Z,0.56,8150
2010-11-23T00:00:00.000Z,0.48,7000
2010-11-24T00:00:00.000Z,0.19,8850
2010-11-25T00:00:00.000Z,,9050
2010-11-26T00:00:00.000Z,0.37,9700
2010-11-27T00:00:00.000Z,0.02,9000
2010-11-28T00:00:00.000Z,,8600
2010-11-29T00:00:00.000Z,0.03,10450
2010-11-30T00:00:00.000Z,0.01,10100
2010-12-01T00:00:00.000Z,0.04,9400
2010-12-02T00:00:00.000Z,0.06,9400
2010-12-03T00:00:00.000Z,0.01,9450
2010-12-04T00:00:00.000Z,0.010907,11450
2010-12-05T00:00:00.000Z,0.03,11950
2010-12-06T00:00:00.000Z,0.045187,12050
2010-12-07T00:00:00.000Z,0.082146,11950
2010-12-08T00:00:00.000Z,0.04,11900
2010-12-09T00:00:00.000Z,0.037273,11150
2010-12-10T00:00:00.000Z,0.07,7350
2010-12-11T00:00:00.000Z,0.117248,8750
2010-12-12T00:00:00.000Z,0.148574,8550
2010-12-13T00:00:00.000Z,0.311476,7050
2010-12-14T00:00:00.000Z,0.048923,8550
2010-12-15T00:00:00.000Z,0.067431,9800
2010-12-16T00:00:00.000Z,0.103569,8650
2010-12-17T00:00:00.000Z,0.234433,8300
2010-12-18T00:00:00.000Z,0.066536,8050
2010-12-19T00:00:00.000Z,0.115645,9200
2010-12-20T00:00:00.000Z,0.066993,7950
2010-12-21T00:00:00.000Z,0.11,9750
2010-12-22T00:00:00.000Z,0.177431,7900
2010-12-23T00:00:00.000Z,0.06,7250
2010-12-24T00:00:00.000Z,0.078293,7400
2010-12-25T00:00:00.000Z,0.067431,8400
2010-12-26T00:00:00.000Z,0.095645,7250
2010-12-27T00:00:00.000Z,0.076645,8300
2010-12-28T00:00:00.000Z,0.103393,8450
2010-12-29T00:00:00.000Z,0.135746,8250
2010-12-30T00:00:00.000Z,0.092386,8450
2010-12-31T00:00:00.000Z,0.023351,8100
2011-01-01T00:00:00.000Z,0.089153,9050
2011-01-02T00:00:00.000Z,0.087677,8750
2011-01-03T00:00:00.000Z,0.728254,7800
2011-01-04T00:00:00.000Z,0.031291,7050
2011-01-05T00:00:00.000Z,0.092876,7700
2011-01-06T00:00:00.000Z,0.083086,7050
2011-01-07T00:00:00.000Z,0.053525,8200
2011-01-08T00:00:00.000Z,0.017654,8500
2011-01-09T00:00:00.000Z,0.14,8150
2011-01-10T00:00:00.000Z,0.068845,8100
2011-01-11T00:00:00.000Z,0.041525,8600
2011-01-12T00:00:00.000Z,0.290604,8350
2011-01-13T00:00:00.000Z,0.024939,9400
2011-01-14T00:00:00.000Z,0.064939,9050
2011-01-15T00:00:00.000Z,0.104939,7850
2011-01-16T00:00:00.000Z,0.086279,8700
2011-01-17T00:00:00.000Z,0.158075,9050
2011-01-18T00:00:00.000Z,0.037684,7050
2011-01-19T00:00:00.000Z,0.05,8450
2011-01-20T00:00:00.000Z,0.117367,9300
2011-01-21T00:00:00.000Z,0.050486,8700
2011-01-22T00:00:00.000Z,0.469234,8250
2011-01-23T00:00:00.000Z,0.359059,8500
2011-01-24T00:00:00.000Z,0.23,9400
2011-01-25T00:00:00.000Z,0.129059,7800
2011-01-26T00:00:00.000Z,0.11,9000
2011-01-27T00:00:00.000Z,0.59,8000
2011-01-28T00:00:00.000Z,0.06,7900
2011-01-29T00:00:00.000Z,0.441956,8050
2011-01-30T00:00:00.000Z,2.82,7800
2011-01-31T00:00:00.000Z,0.76,8500
2011-02-01T00:00:00.000Z,0.791088,8200
2011-02-02T00:00:00.000Z,0.05,7900
2011-02-03T00:00:00.000Z,0.16819,8000
2011-02-04T00:00:00.000Z,0.123599,9700
2011-02-05T00:00:00.000Z,0.158263,8950
2011-02-06T00:00:00.000Z,0.121126,8850
2011-02-07T00:00:00.000Z,0.315472,10150
2011-02-08T00:00:00.000Z,0.17737,8400
2011-02-09T00:00:00.000Z,0.065517,9600
2011-02-10T00:00:00.000Z,0.872944,9300
2011-02-11T00:00:00.000Z,0.499107,9300
2011-02-12T00:00:00.000Z,0.741869,9800
2011-02-13T00:00:00.000Z,0.24,9900
2011-02-14T00:00:00.000Z,2.74,9800
2011-02-15T00:00:00.000Z,0.243462,11250
2011-02-16T00:00:00.000Z,0.59,11600
2011-02-17T00:00:00.000Z,0.123462,11550
2011-02-18T00:00:00.000Z,0.53,10600
2011-02-19T00:00:00.000Z,0.54,8050
2011-02-20T00:00:00.000Z,0.2,9900
2011-02-21T00:00:00.000Z,0.41,9700
2011-02-22T00:00:00.000Z,0.245468,10550
2011-02-23T00:00:00.000Z,0.377854,12150
2011-02-24T00:00:00.000Z,0.167695,10350
2011-02-25T00:00:00.000Z,0.410972,11250
2011-02-26T00:00:00.000Z,0.560496,13800
2011-02-27T00:00:00.000Z,1.08,12200
2011-02-28T00:00:00.000Z,0.517854,7500
2011-03-01T00:00:00.000Z,0.422154,6500
2011-03-02T00:00:00.000Z,0.3925,8400
2011-03-03T00:00:00.000Z,7.07,9300
2011-03-04T00:00:00.000Z,0.7207,11050
2011-03-05T00:00:00.000Z,2.4,13850
2011-03-06T00:00:00.000Z,5.2,13700
2011-03-07T00:00:00.000Z,5.98,10550
2011-03-08T00:00:00.000Z,3.93,9350
2011-03-09T00:00:00.000Z,3.25,8000
2011-03-10T00:00:00.000Z,2.23,5500
2011-03-11T00:00:00.000Z,6.58,6500
2011-03-12T00:00:00.000Z,1.55,7000
2011-03-13T00:00:00.000Z,1.76,5850
2011-03-14T00:00:00.000Z,1.78,5600
2011-03-15T00:00:00.000Z,1.83,5600
2011-03-16T00:00:00.000Z,1.81,6800
2011-03-17T00:00:00.000Z,1.39,7050
2011-03-18T00:00:00.000Z,1.35,6000
2011-03-19T00:00:00.000Z,1.22,5750
2011-03-20T00:00:00.000Z,2.49,6850
2011-03-21T00:00:00.000Z,8.67,7400
2011-03-22T00:00:00.000Z,10.53,5950
2011-03-23T00:00:00.000Z,18.07,7850
2011-03-24T00:00:00.000Z,8.27,7600
2011-03-25T00:00:00.000Z,5.18,8650
2011-03-26T00:00:00.000Z,4.53,6900
2011-03-27T00:00:00.000Z,6.32,7150
2011-03-28T00:00:00.000Z,4.41,8400
2011-03-29T00:00:00.000Z,3.42,8150
2011-03-30T00:00:00.000Z,4.13,7800
2011-03-31T00:00:00.000Z,3.92,10050
2011-04-01T00:00:00.000Z,3.4,8800
2011-04-02T00:00:00.000Z,2.74,9000
2011-04-03T00:00:00.000Z,4.25,8750
2011-04-04T00:00:00.000Z,5.68,8900
2011-04-05T00:00:00.000Z,5.27,9700
2011-04-06T00:00:00.000Z,4.89,7400
2011-04-07T00:00:00.000Z,2.99,7350
2011-04-08T00:00:00.000Z,4.12,8300
2011-04-09T00:00:00.000Z,4.21,7800
2011-04-10T00:00:00.000Z,5.25,8650
2011-04-11T00:00:00.000Z,4.37,8150
2011-04-12T00:00:00.000Z,4.7,8150
2011-04-13T00:00:00.000Z,4.06,9700
2011-04-14T00:00:00.000Z,14.2,8000
2011-04-15T00:00:00.000Z,2.5,6800
2011-04-16T00:00:00.000Z,3.66,8650
2011-04-17T00:00:00.000Z,2.16,9000
2011-04-18T00:00:00.000Z,3.28,7400
2011-04-19T00:00:00.000Z,5.65,7700
2011-04-20T00:00:00.000Z,7.14,7200
2011-04-21T00:00:00.000Z,3.37,7350
2011-04-22T00:00:00.000Z,5.29,8800
2011-04-23T00:00:00.000Z,5.27,8600
2011-04-24T00:00:00.000Z,6.65,8100
2011-04-25T00:00:00.000Z,8.71,9600
2011-04-26T00:00:00.000Z,5.12,9750
2011-04-27T00:00:00.000Z,9.21,9150
2011-04-28T00:00:00.000Z,6.63,8200
2011-04-29T00:00:00.000Z,7.42,10000
2011-04-30T00:00:00.000Z,10.34,9450
2011-05-01T00:00:00.000Z,11.33,8950
2011-05-02T00:00:00.000Z,4.81,9850
2011-05-03T00:00:00.000Z,4.82,9800
2011-05-04T00:00:00.000Z,6.36,9850
2011-05-05T00:00:00.000Z,9.49,10950
2011-05-06T00:00:00.000Z,7.59,10900
2011-05-07T00:00:00.000Z,6.66,10700
2011-05-08T00:00:00.000Z,7.43,10950
2011-05-09T00:00:00.000Z,10.89,11950
2011-05-10T00:00:00.000Z,8.16,9150
2011-05-11T00:00:00.000Z,7.99,9550
2011-05-12T00:00:00.000Z,7.23,8450
2011-05-13T00:00:00.000Z,11.54,10350
2011-05-14T00:00:00.000Z,14.51,12100
2011-05-15T00:00:00.000Z,14.9,11000
2011-05-16T00:00:00.000Z,14.65,12350
2011-05-17T00:00:00.000Z,13.79,12850
2011-05-18T00:00:00.000Z,19.65,14399.99
2011-05-19T00:00:00.000Z,16.22,8550
2011-05-20T00:00:00.000Z,17.44,11000
2011-05-21T00:00:00.000Z,21.09,11000
2011-05-22T00:00:00.000Z,18.82,12600
2011-05-23T00:00:00.000Z,17.89,14300
2011-05-24T00:00:00.000Z,21.11,14950
2011-05-25T00:00:00.000Z,20.84,15350
2011-05-26T00:00:00.000Z,21.21,14800
2011-05-27T00:00:00.000Z,13.84,8350
2011-05-28T00:00:00.000Z,13.95,7750
2011-05-29T00:00:00.000Z,13.8,9000
2011-05-30T00:00:00.000Z,18.7,7700
2011-05-31T00:00:00.000Z,19.95,7500
2011-06-01T00:00:00.000Z,24.09,9400
2011-06-02T00:00:00.000Z,23.68,9500
2011-06-03T00:00:00.000Z,26.26,10100
2011-06-04T00:00:00.000Z,32.18,11200
2011-06-05T00:00:00.000Z,23.68,10400
2011-06-06T00:00:00.000Z,29.3,11650
2011-06-07T00:00:00.000Z,29.07,8500
2011-06-08T00:00:00.000Z,44.39,9250
2011-06-09T00:00:00.000Z,43.33,11100
2011-06-10T00:00:00.000Z,38.41,11150
2011-06-11T00:00:00.000Z,35.36,12600
2011-06-12T00:00:00.000Z,44.31,11650
2011-06-13T00:00:00.000Z,36.55,11350
2011-06-14T00:00:00.000Z,36.23,12350
2011-06-15T00:00:00.000Z,40.07,13950
2011-06-16T00:00:00.000Z,31.89,9000
2011-06-17T00:00:00.000Z,30.92,9300
2011-06-18T00:00:00.000Z,28.33,9850
2011-06-19T00:00:00.000Z,25.89,11150
2011-06-20T00:00:00.000Z,20.28,11700
2011-06-21T00:00:00.000Z,17.9,12650
2011-06-22T00:00:00.000Z,17.72,13000
2011-06-23T00:00:00.000Z,14.55,12000
2011-06-24T00:00:00.000Z,16.4,10800
2011-06-25T00:00:00.000Z,23.42,7150
2011-06-26T00:00:00.000Z,25.25,7450
2011-06-27T00:00:00.000Z,26.53,8450
2011-06-28T00:00:00.000Z,19.85,8000
2011-06-29T00:00:00.000Z,19.98,8600
2011-06-30T00:00:00.000Z,17.7,9550
2011-07-01T00:00:00.000Z,18.67,8650
2011-07-02T00:00:00.000Z,14.74,8450
2011-07-03T00:00:00.000Z,13.35,8250
2011-07-04T00:00:00.000Z,16,8500
2011-07-05T00:00:00.000Z,18.81,6950
2011-07-06T00:00:00.000Z,17.01,7850
2011-07-07T00:00:00.000Z,14.01,6550
2011-07-08T00:00:00.000Z,13.23,8250
2011-07-09T00:00:00.000Z,12.97,7450
2011-07-10T00:00:00.000Z,12.51,6850
2011-07-11T00:00:00.000Z,14.87,7850
2011-07-12T00:00:00.000Z,12.79,7050
2011-07-13T00:00:00.000Z,14.94,9550
2011-07-14T00:00:00.000Z,13.39,7200
2011-07-15T00:00:00.000Z,16.3,8100
2011-07-16T00:00:00.000Z,11.15,7850
2011-07-17T00:00:00.000Z,12.13,8500
2011-07-18T00:00:00.000Z,12.94,8500
2011-07-19T00:00:00.000Z,14.85,7100
2011-07-20T00:00:00.000Z,10.57,7450
2011-07-21T00:00:00.000Z,9,7600
2011-07-22T00:00:00.000Z,13.54,7550
2011-07-23T00:00:00.000Z,7.71,7300
2011-07-24T00:00:00.000Z,10.2,8300
2011-07-25T00:00:00.000Z,12.11,8250
2011-07-26T00:00:00.000Z,7.83,8800
2011-07-27T00:00:00.000Z,8.89,8700
2011-07-28T00:00:00.000Z,7.54,7750
2011-07-29T00:00:00.000Z,7.11,8200
2011-07-30T00:00:00.000Z,5.71,7600
2011-07-31T00:00:00.000Z,6.8,8750
2011-08-01T00:00:00.000Z,7.7,8250
2011-08-02T00:00:00.000Z,7.43,7700
2011-08-03T00:00:00.000Z,8.2,7850
2011-08-04T00:00:00.000Z,7.78,6450
2011-08-05T00:00:00.000Z,6.38,7000
2011-08-06T00:00:00.000Z,24.1,6100
2011-08-07T00:00:00.000Z,6.54,6300
2011-08-08T00:00:00.000Z,7.95,6800
2011-08-09T00:00:00.000Z,11.69,7300
2011-08-10T00:00:00.000Z,10.75,7600
2011-08-11T00:00:00.000Z,7.11,6850
2011-08-12T00:00:00.000Z,6.08,6550
2011-08-13T00:00:00.000Z,6.89,6500
2011-08-14T00:00:00.000Z,10.32,6600
2011-08-15T00:00:00.000Z,9.74,6450
2011-08-16T00:00:00.000Z,9.93,7350
2011-08-17T00:00:00.000Z,6.74,6800
2011-08-18T00:00:00.000Z,5.92,7200
2011-08-19T00:00:00.000Z,7.77,6550
2011-08-20T00:00:00.000Z,5.42,7600
2011-08-21T00:00:00.000Z,5.69,8000
2011-08-22T00:00:00.000Z,7.55,8450
2011-08-23T00:00:00.000Z,6.96,7750
2011-08-24T00:00:00.000Z,8.7,6700
2011-08-25T00:00:00.000Z,6,6750
2011-08-26T00:00:00.000Z,4.69,7350
2011-08-27T00:00:00.000Z,5.03,6100
2011-08-28T00:00:00.000Z,4.51,5800
2011-08-29T00:00:00.000Z,5.35,6900
2011-08-30T00:00:00.000Z,9.82,7300
2011-08-31T00:00:00.000Z,5.91,7750
2011-09-01T00:00:00.000Z,5.61,6450
2011-09-02T00:00:00.000Z,6.84,7800
2011-09-03T00:00:00.000Z,3.83,7250
2011-09-04T00:00:00.000Z,9.87,6700
2011-09-05T00:00:00.000Z,7.17,7800
2011-09-06T00:00:00.000Z,6.52,7550
2011-09-07T00:00:00.000Z,8.14,6800
2011-09-08T00:00:00.000Z,4.67,6450
2011-09-09T00:00:00.000Z,7.67,7700
2011-09-10T00:00:00.000Z,5.36,6650
2011-09-11T00:00:00.000Z,5.1,6250
2011-09-12T00:00:00.000Z,5.37,6650
2011-09-13T00:00:00.000Z,4.16,7100
2011-09-14T00:00:00.000Z,3.78,7300
2011-09-15T00:00:00.000Z,7.32,7800
2011-09-16T00:00:00.000Z,4.97,5950
2011-09-17T00:00:00.000Z,5.16,6700
2011-09-18T00:00:00.000Z,5.38,7900
2011-09-19T00:00:00.000Z,5.93,6350
2011-09-20T00:00:00.000Z,6.57,7000
2011-09-21T00:00:00.000Z,5.18,7300
2011-09-22T00:00:00.000Z,3.78,7400
2011-09-23T00:00:00.000Z,4.23,6650
2011-09-24T00:00:00.000Z,6.72,6450
2011-09-25T00:00:00.000Z,3.37,6850
2011-09-19T00:00:00.000Z,3.37,6850
2011-09-26T00:00:00.000Z,25.83,46250
2011-10-03T00:00:00.000Z,35.31,45700
2011-10-10T00:00:00.000Z,27.36,41250
2011-10-17T00:00:00.000Z,25.08,40650
2011-10-24T00:00:00.000Z,21.8,40100
2011-10-31T00:00:00.000Z,23.37,49850
2011-11-07T00:00:00.000Z,21.67,49450
2011-11-14T00:00:00.000Z,22.68,49050
2011-11-21T00:00:00.000Z,22.91,43700
2011-11-28T00:00:00.000Z,27.66,52150
2011-12-05T00:00:00.000Z,239.96,53700
2011-12-12T00:00:00.000Z,202.49,46800
2011-12-19T00:00:00.000Z,25.6,52550
2011-12-26T00:00:00.000Z,24.4,53050
2012-01-02T00:00:00.000Z,45.49,56200
2012-01-09T00:00:00.000Z,94.19,52100
2012-01-16T00:00:00.000Z,117.59,52748.85
2012-01-23T00:00:00.000Z,283.93,52392.91
2012-01-30T00:00:00.000Z,72.49,53949.01
2012-02-06T00:00:00.000Z,35.42,50949.83
2012-02-13T00:00:00.000Z,46.5,51399.83
2012-02-20T00:00:00.000Z,26.93,52899.99
2012-02-27T00:00:00.000Z,31.43,51399.97
2012-03-05T00:00:00.000Z,29.55,52949.95
2012-03-12T00:00:00.000Z,39.49,53350
2012-03-19T00:00:00.000Z,41.85,54300
2012-03-26T00:00:00.000Z,29.88,53200
2012-04-02T00:00:00.000Z,31.49,45900
2012-04-09T00:00:00.000Z,36.24,46500
2012-04-16T00:00:00.000Z,41.78,51000
2012-04-23T00:00:00.000Z,46.59,51050
2012-04-30T00:00:00.000Z,55.78,57400
2012-05-07T00:00:00.000Z,83.86,52600
2012-05-14T00:00:00.000Z,141.93,46899.98
2012-05-21T00:00:00.000Z,123.3,45899.99
2012-05-28T00:00:00.000Z,110.69,50099.99
2012-06-04T00:00:00.000Z,156.13,53599.99
2012-06-11T00:00:00.000Z,193.86,54049.97
2012-06-18T00:00:00.000Z,159.35,51799.98
2012-06-25T00:00:00.000Z,103.79,51149.98
2012-07-02T00:00:00.000Z,127.42,53999.97
2012-07-09T00:00:00.000Z,119.96,53049.97
2012-07-16T00:00:00.000Z,163.63,52799.97
2012-07-23T00:00:00.000Z,127.21,56399.98
2012-07-30T00:00:00.000Z,147.74,53099.99
2012-08-06T00:00:00.000Z,194.78,56149.97
2012-08-13T00:00:00.000Z,179.39,55449.99
2012-08-20T00:00:00.000Z,159.54,56649.99
2012-08-27T00:00:00.000Z,203.55,54149.98
2012-09-03T00:00:00.000Z,179.49,56649.98
2012-09-10T00:00:00.000Z,144.76,52349.99
2012-09-17T00:00:00.000Z,139.19,55600
2012-09-24T00:00:00.000Z,163.42,53900
2012-10-01T00:00:00.000Z,273.13,47850
2012-10-08T00:00:00.000Z,157.58,51550
2012-10-15T00:00:00.000Z,189.06,53849.99
2012-10-22T00:00:00.000Z,127.7,54899.99
2012-10-29T00:00:00.000Z,149.57,51399.99
2012-11-05T00:00:00.000Z,164.33,52450
2012-11-12T00:00:00.000Z,177.77,49100
2012-11-19T00:00:00.000Z,186.62,52450
2012-11-26T00:00:00.000Z,245.97,37400
2012-12-03T00:00:00.000Z,179.26,22774.99
2012-12-10T00:00:00.000Z,220.33,22024.99
2012-12-17T00:00:00.000Z,248.71,22700
2012-12-24T00:00:00.000Z,219.85,26124.99
2012-12-31T00:00:00.000Z,224.28,26849.98
2013-01-07T00:00:00.000Z,372.9,23749.99
2013-01-14T00:00:00.000Z,281.68,23124.99
2013-01-21T00:00:00.000Z,288.26,25049.98
2013-01-28T00:00:00.000Z,353.68,28424.98
2013-02-04T00:00:00.000Z,308,27149.99
2013-02-11T00:00:00.000Z,351.75,29399.99
2013-02-18T00:00:00.000Z,339.37,29474.99
2013-02-25T00:00:00.000Z,402.95,29724.99
2013-03-04T00:00:00.000Z,486.6,28625
2013-03-11T00:00:00.000Z,350.01,29775
2013-03-18T00:00:00.000Z,338.19,35600
2013-03-25T00:00:00.000Z,381.55,28125
2013-04-01T00:00:00.000Z,401.46,29825
2013-04-08T00:00:00.000Z,373.65,29375
2013-04-15T00:00:00.000Z,384.81,28150
2013-04-22T00:00:00.000Z,343.18,28750
2013-04-29T00:00:00.000Z,312.6,26725
2013-05-06T00:00:00.000Z,400.1,29625
2013-05-13T00:00:00.000Z,395.86,27075
2013-05-20T00:00:00.000Z,323.45,27675
2013-05-27T00:00:00.000Z,338.45,31700
2013-06-03T00:00:00.000Z,335.77,32300
2013-06-10T00:00:00.000Z,266.2,32025
2013-06-17T00:00:00.000Z,313.4,27100
2013-06-24T00:00:00.000Z,245.6,28475
2013-07-01T00:00:00.000Z,191.92,30450
2013-07-08T00:00:00.000Z,216.59,30725
2013-07-15T00:00:00.000Z,197.94,30725
2013-07-22T00:00:00.000Z,199.91,28100
2013-07-29T00:00:00.000Z,242.74,32075
2013-08-05T00:00:00.000Z,256.57,34775
2013-08-12T00:00:00.000Z,284.44,32225
2013-08-19T00:00:00.000Z,245.61,32725
2013-08-26T00:00:00.000Z,468.62,33775
2013-09-02T00:00:00.000Z,222.45,30950
2013-09-09T00:00:00.000Z,177.8,35250
2013-09-16T00:00:00.000Z,623.26,32000
2013-09-23T00:00:00.000Z,262.98,32875
2013-09-30T00:00:00.000Z,213.41,33100
2013-10-07T00:00:00.000Z,196.86,32700
2013-10-14T00:00:00.000Z,258.51,37525
2013-10-21T00:00:00.000Z,320.06,37200
2013-10-28T00:00:00.000Z,224.75,33575
2013-11-04T00:00:00.000Z,581.94,28225
2013-11-11T00:00:00.000Z,179.59,32125
2013-11-18T00:00:00.000Z,172.52,28525
2013-11-25T00:00:00.000Z,171.14,30750
2013-12-02T00:00:00.000Z,153,32450
2013-12-09T00:00:00.000Z,105.39,31125
2013-12-16T00:00:00.000Z,106.19,33425
2013-12-23T00:00:00.000Z,88.35,29600
2013-12-30T00:00:00.000Z,85.95,29775
2014-01-06T00:00:00.000Z,108.56,34175
2014-01-13T00:00:00.000Z,96.99,29875
2014-01-20T00:00:00.000Z,101.35,30900
2014-01-27T00:00:00.000Z,90.83,30375
2014-02-03T00:00:00.000Z,93.41,29450
2014-02-10T00:00:00.000Z,97.3,31225
2014-02-17T00:00:00.000Z,104.44,29875
2014-02-24T00:00:00.000Z,102.04,29725
2014-03-03T00:00:00.000Z,101.36,28475
2014-03-10T00:00:00.000Z,99.68,28250
2014-03-17T00:00:00.000Z,93.43,30350
2014-03-24T00:00:00.000Z,89.46,29150
2014-03-31T00:00:00.000Z,86.69,31725
2014-04-07T00:00:00.000Z,96.91,27950
2014-04-14T00:00:00.000Z,96.75,30000
2014-04-21T00:00:00.000Z,91.81,29075
2014-04-28T00:00:00.000Z,81.26,27250
2014-05-05T00:00:00.000Z,91.03,28650
2014-05-12T00:00:00.000Z,80.85,29325
2014-05-19T00:00:00.000Z,84.45,29300
2014-05-26T00:00:00.000Z,82.63,27325
2014-06-02T00:00:00.000Z,77.93,28350
2014-06-09T00:00:00.000Z,77.13,29300
2014-06-16T00:00:00.000Z,68.55,26725
2014-06-16T00:00:00.000Z,18.21,9150
2014-06-23T00:00:00.000Z,73.54,31450
2014-06-30T00:00:00.000Z,76.37,25025
2014-07-07T00:00:00.000Z,75.38,27200
2014-07-14T00:00:00.000Z,79.94,27850
2014-07-21T00:00:00.000Z,71.95,25900
2014-07-28T00:00:00.000Z,70.73,27475
2014-08-04T00:00:00.000Z,77.65,27600
2014-08-11T00:00:00.000Z,111.81,29350
2014-08-18T00:00:00.000Z,76.38,29575
2014-08-25T00:00:00.000Z,78.41,29800
2014-09-01T00:00:00.000Z,85.28,27225
2014-09-08T00:00:00.000Z,80.7,27750
2014-09-15T00:00:00.000Z,81.41,30125
2014-09-22T00:00:00.000Z,119.12,26100
2014-09-29T00:00:00.000Z,85.02,26300
2014-10-06T00:00:00.000Z,86.82,25850
2014-10-13T00:00:00.000Z,83.69,25625
2014-10-20T00:00:00.000Z,86.12,25975
2014-10-27T00:00:00.000Z,93.14,28100
2014-11-03T00:00:00.000Z,97.17,26900
2014-11-10T00:00:00.000Z,92.28,25300
2014-11-17T00:00:00.000Z,90.26,25000
2014-11-24T00:00:00.000Z,84.97,25550
2014-12-01T00:00:00.000Z,91.07,24025
2014-12-08T00:00:00.000Z,86.86,25600
2014-12-15T00:00:00.000Z,96.42,23600
2014-12-22T00:00:00.000Z,97.33,27450
2014-12-29T00:00:00.000Z,93.11,28375
2015-01-05T00:00:00.000Z,102,26075
2015-01-12T00:00:00.000Z,122.75,24875
2015-01-19T00:00:00.000Z,94.06,23025
2015-01-26T00:00:00.000Z,88.82,26575
2015-02-02T00:00:00.000Z,85.43,26800
2015-02-09T00:00:00.000Z,102.44,25700
2015-02-16T00:00:00.000Z,100.3,27250
2015-02-23T00:00:00.000Z,100.13,25350
2015-03-02T00:00:00.000Z,103.51,25800
2015-03-09T00:00:00.000Z,98.44,25025
2015-03-16T00:00:00.000Z,103.38,24650
2015-03-23T00:00:00.000Z,100.88,27500
2015-03-30T00:00:00.000Z,107.82,25925
2015-04-06T00:00:00.000Z,125.33,23900
2015-04-13T00:00:00.000Z,103.8,24550
2015-04-20T00:00:00.000Z,192.57,25500
2015-04-27T00:00:00.000Z,105.57,24675
2015-05-04T00:00:00.000Z,108.71,24800
2015-05-11T00:00:00.000Z,104.24,26850
2015-05-18T00:00:00.000Z,101.66,24250
2015-05-25T00:00:00.000Z,140.16,24825
2015-06-01T00:00:00.000Z,118.25,25750
2015-06-08T00:00:00.000Z,123.84,26525
2015-06-15T00:00:00.000Z,147.55,24525
2015-06-22T00:00:00.000Z,130.02,25625
2015-06-29T00:00:00.000Z,155.81,25725
2015-07-06T00:00:00.000Z,290.28,26150
2015-07-13T00:00:00.000Z,202.23,25675
2015-07-20T00:00:00.000Z,184.36,26100
2015-07-27T00:00:00.000Z,223.52,25700
2015-08-03T00:00:00.000Z,199.7,25225
2015-08-10T00:00:00.000Z,168.68,25475
2015-08-17T00:00:00.000Z,165.34,26275
2015-08-24T00:00:00.000Z,165.81,26325
2015-08-31T00:00:00.000Z,209.5,26600
2015-09-07T00:00:00.000Z,202.82,26300
2015-09-14T00:00:00.000Z,181.73,24950
2015-09-21T00:00:00.000Z,180.5,26175
2015-09-28T00:00:00.000Z,176.26,26250
2015-10-05T00:00:00.000Z,168.25,25000
2015-10-12T00:00:00.000Z,184.2,25550
2015-10-19T00:00:00.000Z,198.2,25850
2015-10-26T00:00:00.000Z,207.7,26800
2015-11-02T00:00:00.000Z,228.22,26125
2015-11-09T00:00:00.000Z,185.63,27150
2015-11-16T00:00:00.000Z,180.1,28100
2015-11-23T00:00:00.000Z,180.52,26975
2015-11-30T00:00:00.000Z,217.84,27975
2015-12-07T00:00:00.000Z,252.51,29250
2015-12-14T00:00:00.000Z,262.11,29675
2015-12-21T00:00:00.000Z,244.4,28300
2015-12-28T00:00:00.000Z,194.08,26050
2016-01-04T00:00:00.000Z,221.16,28125
2016-01-11T00:00:00.000Z,243.57,25900
2016-01-18T00:00:00.000Z,299.94,28025
2016-01-25T00:00:00.000Z,310.08,29000
2016-02-01T00:00:00.000Z,319.67,31300
2016-02-08T00:00:00.000Z,282.35,29325
2016-02-15T00:00:00.000Z,299.11,25925
2016-02-22T00:00:00.000Z,310.23,23925
2016-02-29T00:00:00.000Z,416.36,25475
2016-03-07T00:00:00.000Z,294.4,26175
2016-03-14T00:00:00.000Z,289.27,25600
2016-03-21T00:00:00.000Z,260.91,25575
2016-03-28T00:00:00.000Z,341.92,25800
2016-04-04T00:00:00.000Z,309.53,27400
2016-04-11T00:00:00.000Z,304.56,26600
2016-04-18T00:00:00.000Z,285.96,25475
2016-04-25T00:00:00.000Z,602.09,25025
2016-05-02T00:00:00.000Z,298.3,27750
2016-05-09T00:00:00.000Z,322.4,25900
2016-05-16T00:00:00.000Z,383.83,25725
2016-05-23T00:00:00.000Z,401.02,25475
2016-05-30T00:00:00.000Z,370.22,24575
2016-06-06T00:00:00.000Z,359.77,26625
2016-06-13T00:00:00.000Z,511.23,26950
2016-06-20T00:00:00.000Z,496.64,25475
2016-06-27T00:00:00.000Z,400.44,26225
2016-07-04T00:00:00.000Z,366.43,23025
2016-07-11T00:00:00.000Z,372.95,12462.5
2016-07-18T00:00:00.000Z,421.67,11787.5
2016-07-25T00:00:00.000Z,497.61,11800
2016-08-01T00:00:00.000Z,501.02,13862.5
2016-08-08T00:00:00.000Z,511.33,13100
2016-08-15T00:00:00.000Z,494.31,12875
2016-08-22T00:00:00.000Z,429.51,12687.5
2016-08-29T00:00:00.000Z,413.49,13062.5
2016-09-05T00:00:00.000Z,409.03,12912.5
2016-09-12T00:00:00.000Z,420.7,13562.5
2016-09-19T00:00:00.000Z,430.78,13475
2016-09-26T00:00:00.000Z,437.41,13137.5
2016-10-03T00:00:00.000Z,494.62,13862.5
2016-10-10T00:00:00.000Z,472.19,11787.5
2016-10-17T00:00:00.000Z,511.59,12450
2016-10-24T00:00:00.000Z,632.91,13137.5
2016-10-31T00:00:00.000Z,542.61,12437.5
2016-11-07T00:00:00.000Z,547.87,13787.5
2016-11-14T00:00:00.000Z,558.03,13450
2016-11-21T00:00:00.000Z,762.23,12887.5
2016-11-28T00:00:00.000Z,727.27,13300
2016-12-05T00:00:00.000Z,689.28,13587.5
2016-12-12T00:00:00.000Z,645.79,12725
2016-12-19T00:00:00.000Z,673,13262.5
2016-12-26T00:00:00.000Z,646.81,13412.5
2017-01-02T00:00:00.000Z,864.07,13525
2017-01-09T00:00:00.000Z,705.39,13875
2017-01-16T00:00:00.000Z,719.92,14937.5
2017-01-23T00:00:00.000Z,867.16,13500
2017-01-30T00:00:00.000Z,1015.28,13625
2017-02-06T00:00:00.000Z,1016.39,12712.5
2017-02-13T00:00:00.000Z,1029.21,13225
2017-02-20T00:00:00.000Z,1298.61,13525
2017-02-27T00:00:00.000Z,1601.25,12850
2017-03-06T00:00:00.000Z,1645.37,13062.5
2017-03-13T00:00:00.000Z,1222.68,9375
2017-03-13T00:00:00.000Z,673.27,5950
2017-03-20T00:00:00.000Z,1559.85,13250
2017-03-27T00:00:00.000Z,1433.06,12675
2017-04-03T00:00:00.000Z,1444.18,13350
2017-04-10T00:00:00.000Z,1448.33,12725
2017-04-17T00:00:00.000Z,1433.24,12875
2017-04-24T00:00:00.000Z,1675.25,12900
2017-05-01T00:00:00.000Z,1889.79,13400
2017-05-08T00:00:00.000Z,2122.98,13675
2017-05-15T00:00:00.000Z,2732.02,13437.5
2017-05-22T00:00:00.000Z,3266.95,13962.5
2017-05-29T00:00:00.000Z,3680.57,14537.5
2017-06-05T00:00:00.000Z,3348.48,13537.5
2017-06-12T00:00:00.000Z,2744.19,12737.5
2017-06-19T00:00:00.000Z,2589.91,12450
2017-06-26T00:00:00.000Z,2280.52,13200
2017-07-03T00:00:00.000Z,1634.78,13312.5
2017-07-10T00:00:00.000Z,1606.95,14162.5
2017-07-17T00:00:00.000Z,1399.58,13875
2017-07-24T00:00:00.000Z,1152.28,13512.5
2017-07-31T00:00:00.000Z,840.38,13500
2017-08-07T00:00:00.000Z,1267.44,12700
2017-08-14T00:00:00.000Z,2125.34,12762.5
2017-08-21T00:00:00.000Z,2770.09,10312.5
2017-08-28T00:00:00.000Z,2554.03,13762.5
2017-09-04T00:00:00.000Z,1643.1,14900
2017-09-11T00:00:00.000Z,990.25,15637.5
2017-09-18T00:00:00.000Z,925.3,12825
2017-09-25T00:00:00.000Z,911.23,12800
2017-10-02T00:00:00.000Z,999.12,13637.5
2017-10-09T00:00:00.000Z,1311.02,13562.5
2017-10-16T00:00:00.000Z,1271.34,14762.5
2017-10-23T00:00:00.000Z,1260.62,13075
2017-10-30T00:00:00.000Z,1812.69,12262.5
2017-11-06T00:00:00.000Z,2378.61,10825
2017-11-13T00:00:00.000Z,3443.22,12937.5
2017-11-20T00:00:00.000Z,1782.04,13887.5
2017-11-27T00:00:00.000Z,1668.07,14825
2017-12-04T00:00:00.000Z,2734.19,14912.5
2017-12-11T00:00:00.000Z,3932.64,15287.5
2017-12-18T00:00:00.000Z,6732.76,12950
2017-12-25T00:00:00.000Z,5095.18,13200
2018-01-01T00:00:00.000Z,4728.47,14062.5
2018-01-08T00:00:00.000Z,4502.14,14637.5
2018-01-15T00:00:00.000Z,3712.75,14737.5
2018-01-22T00:00:00.000Z,1637.65,14350
2018-01-29T00:00:00.000Z,1214.89,13700
2018-02-05T00:00:00.000Z,788.67,13200
2018-02-12T00:00:00.000Z,417.86,13850
2018-02-19T00:00:00.000Z,392.92,13562.5
2018-02-26T00:00:00.000Z,313.53,13812.5
2018-03-05T00:00:00.000Z,266.97,13287.5
2018-03-12T00:00:00.000Z,244.33,13287.5
2018-03-19T00:00:00.000Z,189.16,12512.5
2018-03-26T00:00:00.000Z,169.91,13012.5
2018-04-02T00:00:00.000Z,178.52,13762.5
2018-04-09T00:00:00.000Z,188.3,13637.5
2018-04-16T00:00:00.000Z,184.03,13712.5
2018-04-23T00:00:00.000Z,386.33,12550
2018-04-30T00:00:00.000Z,249.6,13000
2018-05-07T00:00:00.000Z,217.77,13037.5
2018-05-14T00:00:00.000Z,286.06,12937.5
2018-05-21T00:00:00.000Z,190.75,13937.5
2018-05-28T00:00:00.000Z,154.04,14000
2018-06-04T00:00:00.000Z,132.67,13281.25
2018-06-11T00:00:00.000Z,175.13,13212.5
2018-06-18T00:00:00.000Z,506.04,14075
2018-06-25T00:00:00.000Z,194.15,12750
2018-07-02T00:00:00.000Z,146.61,12525
2018-07-09T00:00:00.000Z,131.69,12125
2018-07-16T00:00:00.000Z,164.45,13712.5
2018-07-23T00:00:00.000Z,159.61,14362.5
2018-07-30T00:00:00.000Z,150.69,13575
2018-08-06T00:00:00.000Z,126.45,13612.5
2018-08-13T00:00:00.000Z,150.97,13275
2018-08-20T00:00:00.000Z,165.43,13262.5
2018-08-27T00:00:00.000Z,186.39,13512.5
2018-09-03T00:00:00.000Z,172.25,12712.5
2018-09-10T00:00:00.000Z,137.45,12537.5
2018-09-17T00:00:00.000Z,130.57,12950
2018-09-24T00:00:00.000Z,143.07,13350
2018-10-01T00:00:00.000Z,139.6,12337.5
2018-10-08T00:00:00.000Z,111.66,11937.5
2018-10-15T00:00:00.000Z,123.77,12450
2018-10-22T00:00:00.000Z,115.29,12225
2018-10-29T00:00:00.000Z,117.24,13050
2018-11-05T00:00:00.000Z,132.43,11587.5
2018-11-12T00:00:00.000Z,178.23,11450
2018-11-19T00:00:00.000Z,298.6,11000
2018-11-26T00:00:00.000Z,254.61,10050
2018-12-03T00:00:00.000Z,185.19,11075
2018-12-10T00:00:00.000Z,149.06,11375
2018-12-17T00:00:00.000Z,173.3,13287.5
2018-12-24T00:00:00.000Z,121.64,14037.5
2018-12-31T00:00:00.000Z,112.79,13287.5
2019-01-07T00:00:00.000Z,150.4,13162.5
2019-01-14T00:00:00.000Z,142.68,12112.5
2019-01-21T00:00:00.000Z,147.09,12662.5
2019-01-28T00:00:00.000Z,164.35,12775
2019-02-04T00:00:00.000Z,125.11,13562.5
2019-02-11T00:00:00.000Z,187.28,12537.5
2019-02-18T00:00:00.000Z,232.48,12525
2019-02-25T00:00:00.000Z,214.85,12937.5
2019-03-04T00:00:00.000Z,212.24,12200
2019-03-11T00:00:00.000Z,206.2,12962.5
2019-03-18T00:00:00.000Z,168.19,13687.5
2019-03-25T00:00:00.000Z,324.22,12525
2019-04-01T00:00:00.000Z,754.09,12662.5
2019-04-08T00:00:00.000Z,696.75,12412.5
2019-04-15T00:00:00.000Z,491.94,12775
2019-04-22T00:00:00.000Z,585.41,12587.5
2019-04-29T00:00:00.000Z,491.55,13387.5
2019-05-06T00:00:00.000Z,740.84,12412.5
2019-05-13T00:00:00.000Z,1153.48,13512.5
2019-05-20T00:00:00.000Z,1145.17,13712.5
2019-05-27T00:00:00.000Z,1240.46,13300
2019-06-03T00:00:00.000Z,941.37,12737.5
2019-06-10T00:00:00.000Z,701.75,12837.5
2019-06-17T00:00:00.000Z,781.86,13400
2019-06-24T00:00:00.000Z,1003.32,13987.5
2019-07-01T00:00:00.000Z,595.55,14500
2019-07-08T00:00:00.000Z,456.28,13000
2019-07-15T00:00:00.000Z,421.93,12575
2019-07-22T00:00:00.000Z,317.7,13537.5
2019-07-29T00:00:00.000Z,292.21,14150
2019-08-05T00:00:00.000Z,364.62,13125
2019-08-12T00:00:00.000Z,354.07,12500
2019-08-19T00:00:00.000Z,287.73,13262.5
2019-08-26T00:00:00.000Z,213.5,13212.5
2019-09-02T00:00:00.000Z,227.64,13737.5
2019-09-09T00:00:00.000Z,201.16,14025
2019-09-16T00:00:00.000Z,210.54,13950
2019-09-23T00:00:00.000Z,224.55,12812.5
2019-09-30T00:00:00.000Z,227.81,12775
2019-10-07T00:00:00.000Z,180.97,13100
2019-10-14T00:00:00.000Z,163.35,12862.5
2019-10-21T00:00:00.000Z,220.79,12775
2019-10-28T00:00:00.000Z,236.52,11687.5
2019-11-04T00:00:00.000Z,264.62,12262.5
2019-11-11T00:00:00.000Z,195.84,13125
2019-11-18T00:00:00.000Z,205,12525
2019-11-25T00:00:00.000Z,213.93,11875
2019-12-02T00:00:00.000Z,161.95,13287.5
2019-12-09T00:00:00.000Z,92.21,7012.5
2019-12-09T00:00:00.000Z,80.85,7000
2019-12-16T00:00:00.000Z,156.18,13625
2019-12-23T00:00:00.000Z,112.05,12650
2019-12-30T00:00:00.000Z,95.09,14075
2020-01-06T00:00:00.000Z,172.15,13412.5
2020-01-13T00:00:00.000Z,157.64,12987.5
2020-01-20T00:00:00.000Z,119.05,13487.5
2020-01-27T00:00:00.000Z,139.81,12812.5
2020-02-03T00:00:00.000Z,170.5,12562.5
2020-02-10T00:00:00.000Z,217.55,12150
2020-02-17T00:00:00.000Z,173.14,12725
2020-02-24T00:00:00.000Z,162.96,13025
2020-03-02T00:00:00.000Z,157.6,13775
2020-03-09T00:00:00.000Z,323.77,11550
2020-03-16T00:00:00.000Z,411.46,10112.5
2020-03-23T00:00:00.000Z,288.09,11712.5
2020-03-30T00:00:00.000Z,163.21,13450
2020-04-06T00:00:00.000Z,139.68,13362.5
2020-04-13T00:00:00.000Z,154.77,13737.5
2020-04-20T00:00:00.000Z,197.48,12500
2020-04-27T00:00:00.000Z,450,12900
2020-05-04T00:00:00.000Z,550.25,13250
2020-05-11T00:00:00.000Z,823.62,6387.5
2020-05-18T00:00:00.000Z,1080.15,5218.75
2020-05-25T00:00:00.000Z,562.66,5943.75
2020-06-01T00:00:00.000Z,436.45,6793.75
2020-06-08T00:00:00.000Z,221.17,7262.5
2020-06-15T00:00:00.000Z,281.92,6093.75
2020-06-22T00:00:00.000Z,241.56,6456.25
2020-06-29T00:00:00.000Z,305.97,6881.25
2020-07-06T00:00:00.000Z,286.11,6868.75
2020-07-13T00:00:00.000Z,445.94,5900
2020-07-20T00:00:00.000Z,749.07,6293.75
2020-07-27T00:00:00.000Z,1069.83,6300
2020-08-03T00:00:00.000Z,852.78,6512.5
2020-08-10T00:00:00.000Z,753.98,6687.5
2020-08-17T00:00:00.000Z,806.79,6231.25
2020-08-24T00:00:00.000Z,633.13,6150
2020-08-31T00:00:00.000Z,825.4,6268.75
2020-09-07T00:00:00.000Z,582.73,6918.75
2020-09-14T00:00:00.000Z,451.2,7006.25
2020-09-21T00:00:00.000Z,470.42,6400
2020-09-28T00:00:00.000Z,587,6218.75
2020-10-05T00:00:00.000Z,663.77,6300
2020-10-12T00:00:00.000Z,436.28,6543.75
2020-10-19T00:00:00.000Z,714.06,5850
2020-10-26T00:00:00.000Z,1493.65,4787.5
2020-11-02T00:00:00.000Z,1435.11,6112.5
2020-11-09T00:00:00.000Z,709.58,6687.5
2020-11-16T00:00:00.000Z,521.44,7087.5
2020-11-23T00:00:00.000Z,526.19,6537.5
2020-11-30T00:00:00.000Z,721.7,6106.25
2020-12-07T00:00:00.000Z,446.27,6181.25
2020-12-14T00:00:00.000Z,761.14,6393.75
2020-12-21T00:00:00.000Z,775.19,6175
2020-12-28T00:00:00.000Z,639.17,6925
2021-01-04T00:00:00.000Z,810.49,7006.25
2021-01-11T00:00:00.000Z,879.32,6475
2021-01-18T00:00:00.000Z,644.81,6250
2021-01-25T00:00:00.000Z,757.87,6375
2021-02-01T00:00:00.000Z,924.28,6662.5
2021-02-08T00:00:00.000Z,1135.06,6400
2021-02-15T00:00:00.000Z,956.52,6175
2021-02-22T00:00:00.000Z,993.33,6262.5
2021-03-01T00:00:00.000Z,763.75,6250
2021-03-08T00:00:00.000Z,739.57,6412.5
2021-03-15T00:00:00.000Z,727.34,6518.75
2021-03-22T00:00:00.000Z,538.91,6700
2021-03-29T00:00:00.000Z,610.36,6350
2021-04-05T00:00:00.000Z,662.86,6531.25
2021-04-12T00:00:00.000Z,1003.7,5693.75
2021-04-19T00:00:00.000Z,1627.27,5562.5
2021-04-26T00:00:00.000Z,941.11,6181.25
2021-05-03T00:00:00.000Z,681.36,7587.5
2021-05-10T00:00:00.000Z,519.47,6712.5
2021-05-17T00:00:00.000Z,713.35,5018.75
2021-05-24T00:00:00.000Z,480.15,5418.75
2021-05-31T00:00:00.000Z,288.34,6300
2021-06-07T00:00:00.000Z,248.92,5593.75
2021-06-14T00:00:00.000Z,225.27,5318.75
2021-06-21T00:00:00.000Z,291.84,4118.75
2021-06-28T00:00:00.000Z,406.29,4337.5
2021-07-05T00:00:00.000Z,226.36,5956.25
2021-07-12T00:00:00.000Z,150.05,6231.25
2021-07-19T00:00:00.000Z,107.36,6450
2021-07-26T00:00:00.000Z,100.31,6968.75
2021-08-02T00:00:00.000Z,90.7,6825
2021-08-09T00:00:00.000Z,97.81,6893.75
2021-08-16T00:00:00.000Z,99.1,6975
2021-08-23T00:00:00.000Z,85.13,6875
2021-08-30T00:00:00.000Z,104.9,6450
2021-09-06T00:00:00.000Z,98,6468.75
2021-09-13T00:00:00.000Z,98.77,6668.75
2021-09-20T00:00:00.000Z,89.61,6356.25
2021-09-27T00:00:00.000Z,89.56,6787.5
2021-10-04T00:00:00.000Z,122.06,6381.25
2021-10-11T00:00:00.000Z,120.23,6375
2021-10-18T00:00:00.000Z,106.15,6600
2021-10-25T00:00:00.000Z,88.34,6918.75
2021-11-01T00:00:00.000Z,103.04,6700
2021-11-08T00:00:00.000Z,107.59,6537.5
2021-11-15T00:00:00.000Z,86.27,6300
2021-11-22T00:00:00.000Z,83.85,6087.5
2021-11-29T00:00:00.000Z,115.8,6612.5
2021-12-06T00:00:00.000Z,72.82,6900
2021-12-13T00:00:00.000Z,75.51,6068.75
2021-12-20T00:00:00.000Z,72.87,6481.25
2021-12-27T00:00:00.000Z,101.73,6406.25
2022-01-03T00:00:00.000Z,87.81,6300
2022-01-10T00:00:00.000Z,68.73,6987.5
2022-01-17T00:00:00.000Z,68.14,6550
2022-01-24T00:00:00.000Z,81.55,6325
2022-01-31T00:00:00.000Z,88.97,6262.5
2022-02-07T00:00:00.000Z,101.04,6650
2022-02-14T00:00:00.000Z,65.66,6675
2022-02-21T00:00:00.000Z,62.2,5950
2022-02-28T00:00:00.000Z,114.37,6206.25
2022-03-07T00:00:00.000Z,70.46,6400
2022-03-14T00:00:00.000Z,65.96,6612.5
2022-03-21T00:00:00.000Z,71.07,6487.5
2022-03-28T00:00:00.000Z,91.56,6237.5
2022-04-04T00:00:00.000Z,70.21,6362.5
2022-04-11T00:00:00.000Z,64.78,6406.25
2022-04-18T00:00:00.000Z,63.55,6600
2022-04-25T00:00:00.000Z,78.47,6693.75
2022-05-02T00:00:00.000Z,98.25,6581.25
2022-05-09T00:00:00.000Z,161.93,6268.75
2022-05-16T00:00:00.000Z,114.33,5950
2022-05-23T00:00:00.000Z,108.33,6250
2022-05-30T00:00:00.000Z,105.5,6181.25
2022-06-06T00:00:00.000Z,79.94,6650
2022-06-13T00:00:00.000Z,158.98,6000
2022-06-20T00:00:00.000Z,105.52,6131.25
2022-06-27T00:00:00.000Z,99.92,6443.75
2022-07-04T00:00:00.000Z,133.58,6125
2022-07-11T00:00:00.000Z,147.39,5762.5
2022-07-18T00:00:00.000Z,144.71,6106.25
2022-07-25T00:00:00.000Z,94.11,6468.75
2022-08-01T00:00:00.000Z,107.02,6487.5
2022-08-08T00:00:00.000Z,112.97,6256.25
2022-08-15T00:00:00.000Z,83.23,6493.75
2022-08-22T00:00:00.000Z,70.31,6900
2022-08-29T00:00:00.000Z,94.15,6543.75
2022-09-05T00:00:00.000Z,44.12,2756.25
2022-09-07T00:00:00.000Z,14.78,912.5
2022-09-08T00:00:00.000Z,15.39,793.75
2022-09-09T00:00:00.000Z,17.52,918.75
2022-09-10T00:00:00.000Z,12.41,981.25
2022-09-11T00:00:00.000Z,10.22,1143.75
2022-09-12T00:00:00.000Z,12.97,956.25
2022-09-13T00:00:00.000Z,15.56,856.25
2022-09-14T00:00:00.000Z,17.12,793.75
2022-09-15T00:00:00.000Z,17.31,918.75
2022-09-16T00:00:00.000Z,19.07,800
2022-09-17T00:00:00.000Z,16.85,1062.5
2022-09-18T00:00:00.000Z,12.18,962.5
2022-09-19T00:00:00.000Z,13.12,812.5
2022-09-20T00:00:00.000Z,14.74,950
2022-09-21T00:00:00.000Z,14.01,881.25
2022-09-22T00:00:00.000Z,12.92,800
2022-09-23T00:00:00.000Z,15.76,843.75
2022-09-24T00:00:00.000Z,11.21,912.5
2022-09-25T00:00:00.000Z,10.51,918.75
2022-09-26T00:00:00.000Z,14.47,937.5
2022-09-27T00:00:00.000Z,16.78,806.25
2022-09-28T00:00:00.000Z,14.03,937.5
2022-09-29T00:00:00.000Z,14.88,893.75
2022-09-30T00:00:00.000Z,16.58,1056.25
2022-10-01T00:00:00.000Z,12.31,1131.25
2022-10-02T00:00:00.000Z,9.03,981.25
2022-10-03T00:00:00.000Z,11.48,962.5
2022-10-04T00:00:00.000Z,10.25,1018.75
2022-10-05T00:00:00.000Z,9.21,1093.75
2022-10-06T00:00:00.000Z,10.18,993.75
2022-10-07T00:00:00.000Z,10.59,1068.75
2022-10-08T00:00:00.000Z,6.68,1093.75
2022-10-09T00:00:00.000Z,5.93,987.5
2022-10-10T00:00:00.000Z,8.09,1050
2022-10-11T00:00:00.000Z,8.84,981.25
2022-10-12T00:00:00.000Z,9.43,856.25
2022-10-13T00:00:00.000Z,14.79,893.75
2022-10-14T00:00:00.000Z,14.97,975
2022-10-15T00:00:00.000Z,9.3,950
2022-10-16T00:00:00.000Z,8.21,900
2022-10-17T00:00:00.000Z,13.05,937.5
2022-10-18T00:00:00.000Z,16.72,887.5
2022-10-19T00:00:00.000Z,16.73,943.75
2022-10-20T00:00:00.000Z,12.78,906.25
2022-10-21T00:00:00.000Z,11.79,975
2022-10-22T00:00:00.000Z,9.28,850
2022-10-23T00:00:00.000Z,7.76,968.75
2022-10-24T00:00:00.000Z,11.95,850
2022-10-25T00:00:00.000Z,16.8,762.5
2022-10-26T00:00:00.000Z,23.55,968.75
2022-10-27T00:00:00.000Z,17.36,843.75
2022-10-28T00:00:00.000Z,18.72,993.75
2022-10-29T00:00:00.000Z,14.67,893.75
2022-10-30T00:00:00.000Z,12.73,843.75
2022-10-31T00:00:00.000Z,15.41,1081.25
2022-11-01T00:00:00.000Z,14.95,900
2022-11-02T00:00:00.000Z,16.72,762.5
2022-11-03T00:00:00.000Z,18.92,1025
2022-11-04T00:00:00.000Z,19.66,806.25
2022-11-05T00:00:00.000Z,16.02,943.75
2022-11-06T00:00:00.000Z,13.76,856.25
2022-11-07T00:00:00.000Z,15.89,900
2022-11-08T00:00:00.000Z,21.88,1018.75
2022-11-09T00:00:00.000Z,24.96,931.25
2022-11-10T00:00:00.000Z,24.34,918.75
2022-11-11T00:00:00.000Z,21.93,837.5
2022-11-12T00:00:00.000Z,16.18,1043.75
2022-11-13T00:00:00.000Z,16.37,806.25
2022-11-14T00:00:00.000Z,22.85,768.75
2022-11-15T00:00:00.000Z,36.31,968.75
2022-11-16T00:00:00.000Z,35.52,937.5
2022-11-17T00:00:00.000Z,34.54,862.5
2022-11-18T00:00:00.000Z,43.73,868.75
2022-11-19T00:00:00.000Z,27.06,918.75
2022-11-20T00:00:00.000Z,19.44,931.25
2022-11-21T00:00:00.000Z,25.37,806.25
2022-11-22T00:00:00.000Z,26.78,787.5
2022-11-23T00:00:00.000Z,28.85,881.25
2022-11-24T00:00:00.000Z,27.96,806.25
2022-11-25T00:00:00.000Z,27.05,768.75
2022-11-26T00:00:00.000Z,23.66,681.25
2022-11-27T00:00:00.000Z,17.78,850
2022-11-28T00:00:00.000Z,22.94,868.75
2022-11-29T00:00:00.000Z,23.25,818.75
2022-11-30T00:00:00.000Z,27.12,862.5
2022-12-01T00:00:00.000Z,29.32,956.25
2022-12-02T00:00:00.000Z,28.78,781.25
2022-12-03T00:00:00.000Z,23.08,818.75
2022-12-04T00:00:00.000Z,16.9,875
2022-12-05T00:00:00.000Z,21.33,912.5
2022-12-06T00:00:00.000Z,22.5,843.75
2022-12-07T00:00:00.000Z,18.32,1075
2022-12-08T00:00:00.000Z,14.88,1043.75
2022-12-09T00:00:00.000Z,13.76,950
2022-12-10T00:00:00.000Z,12.26,962.5
2022-12-11T00:00:00.000Z,8.19,918.75
2022-12-12T00:00:00.000Z,12.61,893.75
2022-12-13T00:00:00.000Z,13.22,1031.25
2022-12-14T00:00:00.000Z,15.09,925
2022-12-15T00:00:00.000Z,20.35,868.75
2022-12-16T00:00:00.000Z,16.57,812.5
2022-12-17T00:00:00.000Z,17.43,862.5
2022-12-18T00:00:00.000Z,11.58,906.25
2022-12-19T00:00:00.000Z,18.07,850
2022-12-20T00:00:00.000Z,18.05,875
2022-12-21T00:00:00.000Z,16.53,893.75
2022-12-22T00:00:00.000Z,17.14,843.75
2022-12-23T00:00:00.000Z,17.37,825
2022-12-24T00:00:00.000Z,17.64,556.25
2022-12-25T00:00:00.000Z,13.71,881.25
2022-12-26T00:00:00.000Z,17.54,806.25
2022-12-27T00:00:00.000Z,23.85,718.75
2022-12-28T00:00:00.000Z,20.68,1050
2022-12-29T00:00:00.000Z,20.58,881.25
2022-12-30T00:00:00.000Z,21.79,987.5
2022-12-31T00:00:00.000Z,12.18,975
2023-01-01T00:00:00.000Z,7.11,968.75
2023-01-02T00:00:00.000Z,8.82,975
2023-01-03T00:00:00.000Z,12.73,962.5
2023-01-04T00:00:00.000Z,14.77,893.75
2023-01-05T00:00:00.000Z,14.27,981.25
2023-01-06T00:00:00.000Z,13.2,1125
2023-01-07T00:00:00.000Z,8.4,962.5
2023-01-08T00:00:00.000Z,6.78,956.25
2023-01-09T00:00:00.000Z,10.87,950
2023-01-10T00:00:00.000Z,11.16,1056.25
2023-01-11T00:00:00.000Z,12.42,918.75
2023-01-12T00:00:00.000Z,16.52,943.75
2023-01-13T00:00:00.000Z,16.62,993.75
2023-01-14T00:00:00.000Z,14.03,1068.75
2023-01-15T00:00:00.000Z,7.98,1018.75
2023-01-16T00:00:00.000Z,10.3,918.75
2023-01-17T00:00:00.000Z,12.95,975
2023-01-18T00:00:00.000Z,16.09,875
2023-01-19T00:00:00.000Z,16.22,906.25
2023-01-20T00:00:00.000Z,19.56,825
2023-01-21T00:00:00.000Z,16.33,862.5
2023-01-22T00:00:00.000Z,13.76,943.75
2023-01-23T00:00:00.000Z,14.92,987.5
2023-01-24T00:00:00.000Z,16.93,806.25
2023-01-25T00:00:00.000Z,12.95,1093.75
2023-01-26T00:00:00.000Z,12.1,968.75
2023-01-27T00:00:00.000Z,14.3,962.5
2023-01-28T00:00:00.000Z,11.61,1050
2023-01-29T00:00:00.000Z,8.46,1006.25
2023-01-30T00:00:00.000Z,11.29,862.5
2023-01-31T00:00:00.000Z,18.62,718.75
2023-02-01T00:00:00.000Z,22.1,856.25
2023-02-02T00:00:00.000Z,21.86,906.25
2023-02-03T00:00:00.000Z,24.34,831.25
2023-02-04T00:00:00.000Z,20.36,850
2023-02-05T00:00:00.000Z,13.98,950
2023-02-06T00:00:00.000Z,18.43,925
2023-02-07T00:00:00.000Z,22.2,887.5
2023-02-08T00:00:00.000Z,18.39,862.5
2023-02-09T00:00:00.000Z,21.55,1012.5
2023-02-10T00:00:00.000Z,26.86,918.75
2023-02-11T00:00:00.000Z,22.19,925
2023-02-12T00:00:00.000Z,19.22,1012.5
2023-02-13T00:00:00.000Z,24.26,975
2023-02-14T00:00:00.000Z,25.81,962.5
2023-02-15T00:00:00.000Z,35.35,1018.75
2023-02-16T00:00:00.000Z,31.27,1118.75
2023-02-17T00:00:00.000Z,26.68,1031.25
2023-02-18T00:00:00.000Z,19.95,1050
2023-02-19T00:00:00.000Z,15.39,1012.5
2023-02-20T00:00:00.000Z,17.88,918.75
2023-02-21T00:00:00.000Z,17.32,1043.75
2023-02-22T00:00:00.000Z,18.45,875
2023-02-23T00:00:00.000Z,19.02,1068.75
2023-02-24T00:00:00.000Z,18.54,843.75
2023-02-25T00:00:00.000Z,15.96,668.75
2023-02-26T00:00:00.000Z,15.06,1050
2023-02-27T00:00:00.000Z,22.65,875
2023-02-28T00:00:00.000Z,25.82,856.25
2023-03-01T00:00:00.000Z,25.84,1062.5
2023-03-02T00:00:00.000Z,23.94,900
2023-03-03T00:00:00.000Z,27.89,1050
2023-03-04T00:00:00.000Z,20.19,950
2023-03-05T00:00:00.000Z,17.51,968.75
2023-03-06T00:00:00.000Z,24.03,825
2023-03-07T00:00:00.000Z,25.64,1031.25
2023-03-08T00:00:00.000Z,26.26,831.25
2023-03-09T00:00:00.000Z,44.8,843.75
2023-03-10T00:00:00.000Z,43.94,850
2023-03-11T00:00:00.000Z,27.26,1031.25
2023-03-12T00:00:00.000Z,21.37,1006.25
2023-03-13T00:00:00.000Z,26.13,981.25
2023-03-14T00:00:00.000Z,37.17,912.5
2023-03-15T00:00:00.000Z,33.65,918.75
2023-03-16T00:00:00.000Z,33.4,837.5
2023-03-17T00:00:00.000Z,42.51,918.75
2023-03-18T00:00:00.000Z,34.93,1012.5
2023-03-19T00:00:00.000Z,28.56,925
2023-03-20T00:00:00.000Z,29.66,962.5
2023-03-21T00:00:00.000Z,28.89,906.25
2023-03-22T00:00:00.000Z,35.35,993.75
2023-03-23T00:00:00.000Z,39.11,1143.75
2023-03-24T00:00:00.000Z,44.32,1012.5
2023-03-25T00:00:00.000Z,30.6,906.25
2023-03-26T00:00:00.000Z,21.87,900
2023-03-27T00:00:00.000Z,23.16,925
2023-03-28T00:00:00.000Z,28.01,837.5
2023-03-29T00:00:00.000Z,27.53,918.75
2023-03-30T00:00:00.000Z,27.52,968.75
2023-03-31T00:00:00.000Z,32.55,881.25
2023-04-01T00:00:00.000Z,31.52,875
2023-04-02T00:00:00.000Z,24.47,931.25
2023-04-03T00:00:00.000Z,27.71,818.75
2023-04-04T00:00:00.000Z,33.83,1012.5
2023-04-05T00:00:00.000Z,32.05,868.75
2023-04-06T00:00:00.000Z,32.92,1000
2023-04-07T00:00:00.000Z,27.01,887.5
2023-04-08T00:00:00.000Z,21.9,918.75
2023-04-09T00:00:00.000Z,16.91,912.5
2023-04-10T00:00:00.000Z,21.77,768.75
2023-04-11T00:00:00.000Z,31.06,962.5
2023-04-12T00:00:00.000Z,24.6,1000
2023-04-13T00:00:00.000Z,25.94,887.5
2023-04-14T00:00:00.000Z,27.74,875
2023-04-15T00:00:00.000Z,21.2,987.5
2023-04-16T00:00:00.000Z,15.95,775
2023-04-17T00:00:00.000Z,20.84,968.75
2023-04-18T00:00:00.000Z,20.36,1037.5
2023-04-19T00:00:00.000Z,20.91,868.75
2023-04-20T00:00:00.000Z,21.24,831.25
2023-04-21T00:00:00.000Z,24.09,906.25
2023-04-22T00:00:00.000Z,16.39,931.25
2023-04-23T00:00:00.000Z,13.67,918.75
2023-04-24T00:00:00.000Z,20.56,881.25
2023-04-25T00:00:00.000Z,26.72,781.25
2023-04-26T00:00:00.000Z,33.09,812.5
2023-04-27T00:00:00.000Z,41.76,812.5
2023-04-28T00:00:00.000Z,45.87,918.75
2023-04-29T00:00:00.000Z,42.83,856.25
2023-04-30T00:00:00.000Z,47.65,925
2023-05-01T00:00:00.000Z,69.27,1137.5
2023-05-02T00:00:00.000Z,114.14,806.25
2023-05-03T00:00:00.000Z,124.2,881.25
2023-05-04T00:00:00.000Z,113.48,912.5
2023-05-05T00:00:00.000Z,134.97,743.75
2023-05-06T00:00:00.000Z,182.03,931.25
2023-05-07T00:00:00.000Z,403.92,868.75
2023-05-08T00:00:00.000Z,635.35,856.25
2023-05-09T00:00:00.000Z,440.27,943.75
2023-05-10T00:00:00.000Z,339.77,1062.5
2023-05-11T00:00:00.000Z,194.38,943.75
2023-05-12T00:00:00.000Z,173.44,881.25
2023-05-13T00:00:00.000Z,108.79,906.25
2023-05-14T00:00:00.000Z,88.42,1087.5
2023-05-15T00:00:00.000Z,89.81,918.75
2023-05-16T00:00:00.000Z,113.01,956.25
2023-05-17T00:00:00.000Z,93.11,1000
2023-05-18T00:00:00.000Z,106.9,881.25
2023-05-19T00:00:00.000Z,116.55,937.5
2023-05-20T00:00:00.000Z,85.19,818.75
2023-05-21T00:00:00.000Z,71.46,943.75
2023-05-22T00:00:00.000Z,70.97,900
2023-05-23T00:00:00.000Z,69.75,962.5
2023-05-24T00:00:00.000Z,64.87,881.25
2023-05-25T00:00:00.000Z,91.87,943.75
2023-05-26T00:00:00.000Z,97.83,956.25
2023-05-27T00:00:00.000Z,62.09,906.25
2023-05-28T00:00:00.000Z,62.57,1000
2023-05-29T00:00:00.000Z,71.13,1012.5
2023-05-30T00:00:00.000Z,79.87,962.5
2023-05-31T00:00:00.000Z,68.62,881.25
2023-06-01T00:00:00.000Z,70.14,825
2023-06-02T00:00:00.000Z,74.86,1025
2023-06-03T00:00:00.000Z,44.2,812.5
2023-06-04T00:00:00.000Z,38.49,925
2023-06-05T00:00:00.000Z,58,862.5
2023-06-06T00:00:00.000Z,82.92,943.75
2023-06-07T00:00:00.000Z,97.6,843.75
2023-06-08T00:00:00.000Z,69.55,962.5
2023-06-09T00:00:00.000Z,73.26,1056.25
2023-06-10T00:00:00.000Z,49.63,962.5
2023-06-11T00:00:00.000Z,35.11,1018.75
2023-06-12T00:00:00.000Z,42.51,981.25
2023-06-13T00:00:00.000Z,37.25,918.75
2023-06-14T00:00:00.000Z,39.87,756.25
2023-06-15T00:00:00.000Z,41.02,925
2023-06-16T00:00:00.000Z,45.62,956.25
2023-06-17T00:00:00.000Z,40.13,875
2023-06-18T00:00:00.000Z,30.5,943.75
2023-06-19T00:00:00.000Z,31.24,887.5
2023-06-20T00:00:00.000Z,37.16,850
2023-06-21T00:00:00.000Z,43.89,756.25
2023-06-22T00:00:00.000Z,44.43,856.25
2023-06-23T00:00:00.000Z,40.12,781.25
2023-06-24T00:00:00.000Z,33.75,912.5
2023-06-25T00:00:00.000Z,29.38,956.25
2023-06-26T00:00:00.000Z,32.38,912.5
2023-06-27T00:00:00.000Z,31.66,875
2023-06-28T00:00:00.000Z,29.87,675
2023-06-29T00:00:00.000Z,37.06,912.5
2023-06-30T00:00:00.000Z,34.7,987.5
2023-07-01T00:00:00.000Z,25.44,831.25
2023-07-02T00:00:00.000Z,23.79,1068.75
2023-07-03T00:00:00.000Z,25.49,856.25
2023-07-04T00:00:00.000Z,22.68,881.25
2023-07-05T00:00:00.000Z,21.5,975
2023-07-06T00:00:00.000Z,19.72,868.75
2023-07-07T00:00:00.000Z,19.25,1093.75
2023-07-08T00:00:00.000Z,14.74,1112.5
2023-07-09T00:00:00.000Z,13.18,1056.25
2023-07-10T00:00:00.000Z,16.25,962.5
2023-07-11T00:00:00.000Z,16.95,843.75
2023-07-12T00:00:00.000Z,19.29,900
2023-07-13T00:00:00.000Z,19.66,750
2023-07-14T00:00:00.000Z,22.68,862.5
2023-07-15T00:00:00.000Z,16.74,862.5
2023-07-16T00:00:00.000Z,15.43,968.75
2023-07-17T00:00:00.000Z,17.22,850
2023-07-18T00:00:00.000Z,19.09,1012.5
2023-07-19T00:00:00.000Z,18.16,925
2023-07-20T00:00:00.000Z,22.75,800
2023-07-21T00:00:00.000Z,22.93,700
2023-07-22T00:00:00.000Z,45.95,837.5
2023-07-23T00:00:00.000Z,25.55,918.75
2023-07-24T00:00:00.000Z,26.45,937.5
2023-07-25T00:00:00.000Z,17.86,862.5
2023-07-26T00:00:00.000Z,18.82,900
2023-07-27T00:00:00.000Z,20.84,862.5
2023-07-28T00:00:00.000Z,20.36,875
2023-07-29T00:00:00.000Z,16.14,825
2023-07-30T00:00:00.000Z,17.13,1050
2023-07-31T00:00:00.000Z,16.66,881.25
2023-08-01T00:00:00.000Z,18.48,868.75
2023-08-02T00:00:00.000Z,20.89,962.5
2023-08-03T00:00:00.000Z,23.24,943.75
2023-08-04T00:00:00.000Z,22.52,756.25
2023-08-05T00:00:00.000Z,21.11,962.5
2023-08-06T00:00:00.000Z,16.91,1025
2023-08-07T00:00:00.000Z,22.69,912.5
2023-08-08T00:00:00.000Z,29.11,781.25
2023-08-09T00:00:00.000Z,27.09,1012.5
2023-08-10T00:00:00.000Z,24.62,793.75
2023-08-11T00:00:00.000Z,23.47,943.75
2023-08-12T00:00:00.000Z,19.42,1043.75
2023-08-13T00:00:00.000Z,13.48,843.75
2023-08-14T00:00:00.000Z,18.19,1068.75
2023-08-15T00:00:00.000Z,18.26,1068.75
2023-08-16T00:00:00.000Z,18.04,1018.75
2023-08-17T00:00:00.000Z,18.94,975
2023-08-18T00:00:00.000Z,22,868.75
2023-08-19T00:00:00.000Z,16.7,875
2023-08-20T00:00:00.000Z,14.98,1012.5
2023-08-21T00:00:00.000Z,16.58,1031.25
2023-08-22T00:00:00.000Z,18.81,893.75
2023-08-23T00:00:00.000Z,19.33,887.5
2023-08-24T00:00:00.000Z,17.46,868.75
2023-08-25T00:00:00.000Z,18.04,843.75
2023-08-26T00:00:00.000Z,16.09,856.25
2023-08-27T00:00:00.000Z,13.47,725
2023-08-28T00:00:00.000Z,16.97,737.5
2023-08-29T00:00:00.000Z,21.15,987.5
2023-08-30T00:00:00.000Z,19.22,787.5
2023-08-31T00:00:00.000Z,26.54,900
2023-09-01T00:00:00.000Z,26.15,943.75
2023-09-02T00:00:00.000Z,23.26,950
2023-09-03T00:00:00.000Z,19.89,987.5
2023-09-04T00:00:00.000Z,22.28,931.25
2023-09-05T00:00:00.000Z,24.4,775
2023-09-06T00:00:00.000Z,30.25,843.75
2023-09-07T00:00:00.000Z,31.57,912.5
2023-09-08T00:00:00.000Z,35.85,831.25
2023-09-09T00:00:00.000Z,32.53,943.75
2023-09-10T00:00:00.000Z,47.06,918.75
2023-09-11T00:00:00.000Z,32.7,993.75
2023-09-12T00:00:00.000Z,31.03,881.25
2023-09-13T00:00:00.000Z,31.13,918.75
2023-09-14T00:00:00.000Z,30.9,1012.5
2023-09-15T00:00:00.000Z,32.62,1175
2023-09-16T00:00:00.000Z,26.7,968.75
2023-09-17T00:00:00.000Z,28.31,931.25
2023-09-18T00:00:00.000Z,46.81,975
2023-09-19T00:00:00.000Z,46.95,868.75
2023-09-20T00:00:00.000Z,47.38,912.5
2023-09-21T00:00:00.000Z,47.35,862.5
2023-09-22T00:00:00.000Z,46,806.25
2023-09-23T00:00:00.000Z,51.58,975
2023-09-24T00:00:00.000Z,37.09,912.5
2023-09-25T00:00:00.000Z,33.37,906.25
2023-09-26T00:00:00.000Z,27.65,850
2023-09-27T00:00:00.000Z,31.73,981.25
2023-09-28T00:00:00.000Z,29.01,912.5
2023-09-29T00:00:00.000Z,29.36,918.75
2023-09-30T00:00:00.000Z,21.56,862.5
2023-10-01T00:00:00.000Z,18.93,881.25
2023-10-02T00:00:00.000Z,27.28,981.25
2023-10-03T00:00:00.000Z,29.09,1025
2023-10-04T00:00:00.000Z,26.35,818.75
2023-10-05T00:00:00.000Z,26.7,881.25
2023-10-06T00:00:00.000Z,42.57,1000
2023-10-07T00:00:00.000Z,41.49,1068.75
2023-10-08T00:00:00.000Z,15.39,925
2023-10-09T00:00:00.000Z,19.88,975
2023-10-10T00:00:00.000Z,17.22,1012.5
2023-10-11T00:00:00.000Z,21.6,1000
2023-10-12T00:00:00.000Z,24.77,1031.25
2023-10-13T00:00:00.000Z,22.12,862.5
2023-10-14T00:00:00.000Z,13.61,912.5
2023-10-15T00:00:00.000Z,11.4,1043.75
2023-10-16T00:00:00.000Z,20.54,881.25
2023-10-17T00:00:00.000Z,19.45,1012.5
2023-10-18T00:00:00.000Z,19.11,906.25
2023-10-19T00:00:00.000Z,18.65,875
2023-10-20T00:00:00.000Z,20.14,837.5
2023-10-21T00:00:00.000Z,16.05,937.5
2023-10-22T00:00:00.000Z,12.37,956.25
2023-10-23T00:00:00.000Z,17,981.25
2023-10-24T00:00:00.000Z,38.32,787.5
2023-10-25T00:00:00.000Z,40.92,900
2023-10-26T00:00:00.000Z,29.12,937.5
2023-10-27T00:00:00.000Z,25.55,962.5
2023-10-28T00:00:00.000Z,19.44,1000
2023-10-29T00:00:00.000Z,13.59,856.25
2023-10-30T00:00:00.000Z,18.12,975
2023-10-31T00:00:00.000Z,18.24,968.75
2023-11-01T00:00:00.000Z,21.48,931.25
2023-11-02T00:00:00.000Z,23.09,900
2023-11-03T00:00:00.000Z,33.05,850
2023-11-04T00:00:00.000Z,79.52,1050
2023-11-05T00:00:00.000Z,71.27,1018.75
2023-11-06T00:00:00.000Z,74.44,793.75
2023-11-07T00:00:00.000Z,88.08,831.25
2023-11-08T00:00:00.000Z,118.07,931.25