"date","missing_days_to_next_halving"
2009-01-31,301
2009-02-01,300
2009-02-02,299
2009-02-03,298
2009-02-04,297
2009-02-05,296
2009-02-06,295
2009-02-07,294
2009-02-08,293
2009-02-09,292
2009-02-10,291
2009-02-11,290
2009-02-12,289
2009-02-13,288
2009-02-14,287
2009-02-15,286
2009-02-16,285
2009-02-17,284
2009-02-18,283
2009-02-19,282
2009-02-20,281
2009-02-21,280
2009-02-22,279
2009-02-23,278
2009-02-24,277
2009-02-25,276
2009-02-26,275
2009-02-27,274
2009-02-28,273
2009-03-01,272
2009-03-02,271
2009-03-03,270
2009-03-04,269
2009-03-05,268
2009-03-06,267
2009-03-07,266
2009-03-08,265
2009-03-09,264
2009-03-10,263
2009-03-11,262
2009-03-12,261
2009-03-13,260
2009-03-14,259
2009-03-15,258
2009-03-16,257
2009-03-17,256
2009-03-18,255
2009-03-19,254
2009-03-20,253
2009-03-21,252
2009-03-22,251
2009-03-23,250
2009-03-24,249
2009-03-25,248
2009-03-26,247
2009-03-27,246
2009-03-28,245
2009-03-29,244
2009-03-30,243
2009-03-31,242
2009-04-01,241
2009-04-02,240
2009-04-03,239
2009-04-04,238
2009-04-05,237
2009-04-06,236
2009-04-07,235
2009-04-08,234
2009-04-09,233
2009-04-10,232
2009-04-11,231
2009-04-12,230
2009-04-13,229
2009-04-14,228
2009-04-15,227
2009-04-16,226
2009-04-17,225
2009-04-18,224
2009-04-19,223
2009-04-20,222
2009-04-21,221
2009-04-22,220
2009-04-23,219
2009-04-24,218
2009-04-25,217
2009-04-26,216
2009-04-27,215
2009-04-28,214
2009-04-29,213
2009-04-30,212
2009-05-01,211
2009-05-02,210
2009-05-03,209
2009-05-04,208
2009-05-05,207
2009-05-06,206
2009-05-07,205
2009-05-08,204
2009-05-09,203
2009-05-10,202
2009-05-11,201
2009-05-12,200
2009-05-13,199
2009-05-14,198
2009-05-15,197
2009-05-16,196
2009-05-17,195
2009-05-18,194
2009-05-19,193
2009-05-20,192
2009-05-21,191
2009-05-22,190
2009-05-23,189
2009-05-24,188
2009-05-25,187
2009-05-26,186
2009-05-27,185
2009-05-28,184
2009-05-29,183
2009-05-30,182
2009-05-31,181
2009-06-01,180
2009-06-02,179
2009-06-03,178
2009-06-04,177
2009-06-05,176
2009-06-06,175
2009-06-07,174
2009-06-08,173
2009-06-09,172
2009-06-10,171
2009-06-11,170
2009-06-12,169
2009-06-13,168
2009-06-14,167
2009-06-15,166
2009-06-16,165
2009-06-17,164
2009-06-18,163
2009-06-19,162
2009-06-20,161
2009-06-21,160
2009-06-22,159
2009-06-23,158
2009-06-24,157
2009-06-25,156
2009-06-26,155
2009-06-27,154
2009-06-28,153
2009-06-29,152
2009-06-30,151
2009-07-01,150
2009-07-02,149
2009-07-03,148
2009-07-04,147
2009-07-05,146
2009-07-06,145
2009-07-07,144
2009-07-08,143
2009-07-09,142
2009-07-10,141
2009-07-11,140
2009-07-12,139
2009-07-13,138
2009-07-14,137
2009-07-15,136
2009-07-16,135
2009-07-17,134
2009-07-18,133
2009-07-19,132
2009-07-20,131
2009-07-21,130
2009-07-22,129
2009-07-23,128
2009-07-24,127
2009-07-25,126
2009-07-26,125
2009-07-27,124
2009-07-28,123
2009-07-29,122
2009-07-30,121
2009-07-31,120
2009-08-01,119
2009-08-02,118
2009-08-03,117
2009-08-04,116
2009-08-05,115
2009-08-06,114
2009-08-07,113
2009-08-08,112
2009-08-09,111
2009-08-10,110
2009-08-11,109
2009-08-12,108
2009-08-13,107
2009-08-14,106
2009-08-15,105
2009-08-16,104
2009-08-17,103
2009-08-18,102
2009-08-19,101
2009-08-20,100
2009-08-21,99
2009-08-22,98
2009-08-23,97
2009-08-24,96
2009-08-25,95
2009-08-26,94
2009-08-27,93
2009-08-28,92
2009-08-29,91
2009-08-30,90
2009-08-31,89
2009-09-01,88
2009-09-02,87
2009-09-03,86
2009-09-04,85
2009-09-05,84
2009-09-06,83
2009-09-07,82
2009-09-08,81
2009-09-09,80
2009-09-10,79
2009-09-11,78
2009-09-12,77
2009-09-13,76
2009-09-14,75
2009-09-15,74
2009-09-16,73
2009-09-17,72
2009-09-18,71
2009-09-19,70
2009-09-20,69
2009-09-21,68
2009-09-22,67
2009-09-23,66
2009-09-24,65
2009-09-25,64
2009-09-26,63
2009-09-27,62
2009-09-28,61
2009-09-29,60
2009-09-30,59
2009-10-01,58
2009-10-02,57
2009-10-03,56
2009-10-04,55
2009-10-05,54
2009-10-06,53
2009-10-07,52
2009-10-08,51
2009-10-09,50
2009-10-10,49
2009-10-11,48
2009-10-12,47
2009-10-13,46
2009-10-14,45
2009-10-15,44
2009-10-16,43
2009-10-17,42
2009-10-18,41
2009-10-19,40
2009-10-20,39
2009-10-21,38
2009-10-22,37
2009-10-23,36
2009-10-24,35
2009-10-25,34
2009-10-26,33
2009-10-27,32
2009-10-28,31
2009-10-29,30
2009-10-30,29
2009-10-31,28
2009-11-01,27
2009-11-02,26
2009-11-03,25
2009-11-04,24
2009-11-05,23
2009-11-06,22
2009-11-07,21
2009-11-08,20
2009-11-09,19
2009-11-10,18
2009-11-11,17
2009-11-12,16
2009-11-13,15
2009-11-14,14
2009-11-15,13
2009-11-16,12
2009-11-17,11
2009-11-18,10
2009-11-19,9
2009-11-20,8
2009-11-21,7
2009-11-22,6
2009-11-23,5
2009-11-24,4
2009-11-25,3
2009-11-26,2
2009-11-27,1
2009-11-28,0
2009-11-29,0
2009-11-30,1094
2009-12-01,1093
2009-12-02,1092
2009-12-03,1091
2009-12-04,1090
2009-12-05,1089
2009-12-06,1088
2009-12-07,1087
2009-12-08,1086
2009-12-09,1085
2009-12-10,1084
2009-12-11,1083
2009-12-12,1082
2009-12-13,1081
2009-12-14,1080
2009-12-15,1079
2009-12-16,1078
2009-12-17,1077
2009-12-18,1076
2009-12-19,1075
2009-12-20,1074
2009-12-21,1073
2009-12-22,1072
2009-12-23,1071
2009-12-24,1070
2009-12-25,1069
2009-12-26,1068
2009-12-27,1067
2009-12-28,1066
2009-12-29,1065
2009-12-30,1064
2009-12-31,1063
2010-01-01,1062
2010-01-02,1061
2010-01-03,1060
2010-01-04,1059
2010-01-05,1058
2010-01-06,1057
2010-01-07,1056
2010-01-08,1055
2010-01-09,1054
2010-01-10,1053
2010-01-11,1052
2010-01-12,1051
2010-01-13,1050
2010-01-14,1049
2010-01-15,1048
2010-01-16,1047
2010-01-17,1046
2010-01-18,1045
2010-01-19,1044
2010-01-20,1043
2010-01-21,1042
2010-01-22,1041
2010-01-23,1040
2010-01-24,1039
2010-01-25,1038
2010-01-26,1037
2010-01-27,1036
2010-01-28,1035
2010-01-29,1034
2010-01-30,1033
2010-01-31,1032
2010-02-01,1031
2010-02-02,1030
2010-02-03,1029
2010-02-04,1028
2010-02-05,1027
2010-02-06,1026
2010-02-07,1025
2010-02-08,1024
2010-02-09,1023
2010-02-10,1022
2010-02-11,1021
2010-02-12,1020
2010-02-13,1019
2010-02-14,1018
2010-02-15,1017
2010-02-16,1016
2010-02-17,1015
2010-02-18,1014
2010-02-19,1013
2010-02-20,1012
2010-02-21,1011
2010-02-22,1010
2010-02-23,1009
2010-02-24,1008
2010-02-25,1007
2010-02-26,1006
2010-02-27,1005
2010-02-28,1004
2010-03-01,1003
2010-03-02,1002
2010-03-03,1001
2010-03-04,1000
2010-03-05,999
2010-03-06,998
2010-03-07,997
2010-03-08,996
2010-03-09,995
2010-03-10,994
2010-03-11,993
2010-03-12,992
2010-03-13,991
2010-03-14,990
2010-03-15,989
2010-03-16,988
2010-03-17,987
2010-03-18,986
2010-03-19,985
2010-03-20,984
2010-03-21,983
2010-03-22,982
2010-03-23,981
2010-03-24,980
2010-03-25,979
2010-03-26,978
2010-03-27,977
2010-03-28,976
2010-03-29,975
2010-03-30,974
2010-03-31,973
2010-04-01,972
2010-04-02,971
2010-04-03,970
2010-04-04,969
2010-04-05,968
2010-04-06,967
2010-04-07,966
2010-04-08,965
2010-04-09,964
2010-04-10,963
2010-04-11,962
2010-04-12,961
2010-04-13,960
2010-04-14,959
2010-04-15,958
2010-04-16,957
2010-04-17,956
2010-04-18,955
2010-04-19,954
2010-04-20,953
2010-04-21,952
2010-04-22,951
2010-04-23,950
2010-04-24,949
2010-04-25,948
2010-04-26,947
2010-04-27,946
2010-04-28,945
2010-04-29,944
2010-04-30,943
2010-05-01,942
2010-05-02,941
2010-05-03,940
2010-05-04,939
2010-05-05,938
2010-05-06,937
2010-05-07,936
2010-05-08,935
2010-05-09,934
2010-05-10,933
2010-05-11,932
2010-05-12,931
2010-05-13,930
2010-05-14,929
2010-05-15,928
2010-05-16,927
2010-05-17,926
2010-05-18,925
2010-05-19,924
2010-05-20,923
2010-05-21,922
2010-05-22,921
2010-05-23,920
2010-05-24,919
2010-05-25,918
2010-05-26,917
2010-05-27,916
2010-05-28,915
2010-05-29,914
2010-05-30,913
2010-05-31,912
2010-06-01,911
2010-06-02,910
2010-06-03,909
2010-06-04,908
2010-06-05,907
2010-06-06,906
2010-06-07,905
2010-06-08,904
2010-06-09,903
2010-06-10,902
2010-06-11,901
2010-06-12,900
2010-06-13,899
2010-06-14,898
2010-06-15,897
2010-06-16,896
2010-06-17,895
2010-06-18,894
2010-06-19,893
2010-06-20,892
2010-06-21,891
2010-06-22,890
2010-06-23,889
2010-06-24,888
2010-06-25,887
2010-06-26,886
2010-06-27,885
2010-06-28,884
2010-06-29,883
2010-06-30,882
2010-07-01,881
2010-07-02,880
2010-07-03,879
2010-07-04,878
2010-07-05,877
2010-07-06,876
2010-07-07,875
2010-07-08,874
2010-07-09,873
2010-07-10,872
2010-07-11,871
2010-07-12,870
2010-07-13,869
2010-07-14,868
2010-07-15,867
2010-07-16,866
2010-07-17,865
2010-07-18,864
2010-07-19,863
2010-07-20,862
2010-07-21,861
2010-07-22,860
2010-07-23,859
2010-07-24,858
2010-07-25,857
2010-07-26,856
2010-07-27,855
2010-07-28,854
2010-07-29,853
2010-07-30,852
2010-07-31,851
2010-08-01,850
2010-08-02,849
2010-08-03,848
2010-08-04,847
2010-08-05,846
2010-08-06,845
2010-08-07,844
2010-08-08,843
2010-08-09,842
2010-08-10,841
2010-08-11,840
2010-08-12,839
2010-08-13,838
2010-08-14,837
2010-08-15,836
2010-08-16,835
2010-08-17,834
2010-08-18,833
2010-08-19,832
2010-08-20,831
2010-08-21,830
2010-08-22,829
2010-08-23,828
2010-08-24,827
2010-08-25,826
2010-08-26,825
2010-08-27,824
2010-08-28,823
2010-08-29,822
2010-08-30,821
2010-08-31,820
2010-09-01,819
2010-09-02,818
2010-09-03,817
2010-09-04,816
2010-09-05,815
2010-09-06,814
2010-09-07,813
2010-09-08,812
2010-09-09,811
2010-09-10,810
2010-09-11,809
2010-09-12,808
2010-09-13,807
2010-09-14,806
2010-09-15,805
2010-09-16,804
2010-09-17,803
2010-09-18,802
2010-09-19,801
2010-09-20,800
2010-09-21,799
2010-09-22,798
2010-09-23,797
2010-09-24,796
2010-09-25,795
2010-09-26,794
2010-09-27,793
2010-09-28,792
2010-09-29,791
2010-09-30,790
2010-10-01,789
2010-10-02,788
2010-10-03,787
2010-10-04,786
2010-10-05,785
2010-10-06,784
2010-10-07,783
2010-10-08,782
2010-10-09,781
2010-10-10,780
2010-10-11,779
2010-10-12,778
2010-10-13,777
2010-10-14,776
2010-10-15,775
2010-10-16,774
2010-10-17,773
2010-10-18,772
2010-10-19,771
2010-10-20,770
2010-10-21,769
2010-10-22,768
2010-10-23,767
2010-10-24,766
2010-10-25,765
2010-10-26,764
2010-10-27,763
2010-10-28,762
2010-10-29,761
2010-10-30,760
2010-10-31,759
2010-11-01,758
2010-11-02,757
2010-11-03,756
2010-11-04,755
2010-11-05,754
2010-11-06,753
2010-11-07,752
2010-11-08,751
2010-11-09,750
2010-11-10,749
2010-11-11,748
2010-11-12,747
2010-11-13,746
2010-11-14,745
2010-11-15,744
2010-11-16,743
2010-11-17,742
2010-11-18,741
2010-11-19,740
2010-11-20,739
2010-11-21,738
2010-11-22,737
2010-11-23,736
2010-11-24,735
2010-11-25,734
2010-11-26,733
2010-11-27,732
2010-11-28,731
2010-11-29,730
2010-11-30,729
2010-12-01,728
2010-12-02,727
2010-12-03,726
2010-12-04,725
2010-12-05,724
2010-12-06,723
2010-12-07,722
2010-12-08,721
2010-12-09,720
2010-12-10,719
2010-12-11,718
2010-12-12,717
2010-12-13,716
2010-12-14,715
2010-12-15,714
2010-12-16,713
2010-12-17,712
2010-12-18,711
2010-12-19,710
2010-12-20,709
2010-12-21,708
2010-12-22,707
2010-12-23,706
2010-12-24,705
2010-12-25,704
2010-12-26,703
2010-12-27,702
2010-12-28,701
2010-12-29,700
2010-12-30,699
2010-12-31,698
2011-01-01,697
2011-01-02,696
2011-01-03,695
2011-01-04,694
2011-01-05,693
2011-01-06,692
2011-01-07,691
2011-01-08,690
2011-01-09,689
2011-01-10,688
2011-01-11,687
2011-01-12,686
2011-01-13,685
2011-01-14,684
2011-01-15,683
2011-01-16,682
2011-01-17,681
2011-01-18,680
2011-01-19,679
2011-01-20,678
2011-01-21,677
2011-01-22,676
2011-01-23,675
2011-01-24,674
2011-01-25,673
2011-01-26,672
2011-01-27,671
2011-01-28,670
2011-01-29,669
2011-01-30,668
2011-01-31,667
2011-02-01,666
2011-02-02,665
2011-02-03,664
2011-02-04,663
2011-02-05,662
2011-02-06,661
2011-02-07,660
2011-02-08,659
2011-02-09,658
2011-02-10,657
2011-02-11,656
2011-02-12,655
2011-02-13,654
2011-02-14,653
2011-02-15,652
2011-02-16,651
2011-02-17,650
2011-02-18,649
2011-02-19,648
2011-02-20,647
2011-02-21,646
2011-02-22,645
2011-02-23,644
2011-02-24,643
2011-02-25,642
2011-02-26,641
2011-02-27,640
2011-02-28,639
2011-03-01,638
2011-03-02,637
2011-03-03,636
2011-03-04,635
2011-03-05,634
2011-03-06,633
2011-03-07,632
2011-03-08,631
2011-03-09,630
2011-03-10,629
2011-03-11,628
2011-03-12,627
2011-03-13,626
2011-03-14,625
2011-03-15,624
2011-03-16,623
2011-03-17,622
2011-03-18,621
2011-03-19,620
2011-03-20,619
2011-03-21,618
2011-03-22,617
2011-03-23,616
2011-03-24,615
2011-03-25,614
2011-03-26,613
2011-03-27,612
2011-03-28,611
2011-03-29,610
2011-03-30,609
2011-03-31,608
2011-04-01,607
2011-04-02,606
2011-04-03,605
2011-04-04,604
2011-04-05,603
2011-04-06,602
2011-04-07,601
2011-04-08,600
2011-04-09,599
2011-04-10,598
2011-04-11,597
2011-04-12,596
2011-04-13,595
2011-04-14,594
2011-04-15,593
2011-04-16,592
2011-04-17,591
2011-04-18,590
2011-04-19,589
2011-04-20,588
2011-04-21,587
2011-04-22,586
2011-04-23,585
2011-04-24,584
2011-04-25,583
2011-04-26,582
2011-04-27,581
2011-04-28,580
2011-04-29,579
2011-04-30,578
2011-05-01,577
2011-05-02,576
2011-05-03,575
2011-05-04,574
2011-05-05,573
2011-05-06,572
2011-05-07,571
2011-05-08,570
2011-05-09,569
2011-05-10,568
2011-05-11,567
2011-05-12,566
2011-05-13,565
2011-05-14,564
2011-05-15,563
2011-05-16,562
2011-05-17,561
2011-05-18,560
2011-05-19,559
2011-05-20,558
2011-05-21,557
2011-05-22,556
2011-05-23,555
2011-05-24,554
2011-05-25,553
2011-05-26,552
2011-05-27,551
2011-05-28,550
2011-05-29,549
2011-05-30,548
2011-05-31,547
2011-06-01,546
2011-06-02,545
2011-06-03,544
2011-06-04,543
2011-06-05,542
2011-06-06,541
2011-06-07,540
2011-06-08,539
2011-06-09,538
2011-06-10,537
2011-06-11,536
2011-06-12,535
2011-06-13,534
2011-06-14,533
2011-06-15,532
2011-06-16,531
2011-06-17,530
2011-06-18,529
2011-06-19,528
2011-06-20,527
2011-06-21,526
2011-06-22,525
2011-06-23,524
2011-06-24,523
2011-06-25,522
2011-06-26,521
2011-06-27,520
2011-06-28,519
2011-06-29,518
2011-06-30,517
2011-07-01,516
2011-07-02,515
2011-07-03,514
2011-07-04,513
2011-07-05,512
2011-07-06,511
2011-07-07,510
2011-07-08,509
2011-07-09,508
2011-07-10,507
2011-07-11,506
2011-07-12,505
2011-07-13,504
2011-07-14,503
2011-07-15,502
2011-07-16,501
2011-07-17,500
2011-07-18,499
2011-07-19,498
2011-07-20,497
2011-07-21,496
2011-07-22,495
2011-07-23,494
2011-07-24,493
2011-07-25,492
2011-07-26,491
2011-07-27,490
2011-07-28,489
2011-07-29,488
2011-07-30,487
2011-07-31,486
2011-08-01,485
2011-08-02,484
2011-08-03,483
2011-08-04,482
2011-08-05,481
2011-08-06,480
2011-08-07,479
2011-08-08,478
2011-08-09,477
2011-08-10,476
2011-08-11,475
2011-08-12,474
2011-08-13,473
2011-08-14,472
2011-08-15,471
2011-08-16,470
2011-08-17,469
2011-08-18,468
2011-08-19,467
2011-08-20,466
2011-08-21,465
2011-08-22,464
2011-08-23,463
2011-08-24,462
2011-08-25,461
2011-08-26,460
2011-08-27,459
2011-08-28,458
2011-08-29,457
2011-08-30,456
2011-08-31,455
2011-09-01,454
2011-09-02,453
2011-09-03,452
2011-09-04,451
2011-09-05,450
2011-09-06,449
2011-09-07,448
2011-09-08,447
2011-09-09,446
2011-09-10,445
2011-09-11,444
2011-09-12,443
2011-09-13,442
2011-09-14,441
2011-09-15,440
2011-09-16,439
2011-09-17,438
2011-09-18,437
2011-09-19,436
2011-09-20,435
2011-09-21,434
2011-09-22,433
2011-09-23,432
2011-09-24,431
2011-09-25,430
2011-09-26,429
2011-09-27,428
2011-09-28,427
2011-09-29,426
2011-09-30,425
2011-10-01,424
2011-10-02,423
2011-10-03,422
2011-10-04,421
2011-10-05,420
2011-10-06,419
2011-10-07,418
2011-10-08,417
2011-10-09,416
2011-10-10,415
2011-10-11,414
2011-10-12,413
2011-10-13,412
2011-10-14,411
2011-10-15,410
2011-10-16,409
2011-10-17,408
2011-10-18,407
2011-10-19,406
2011-10-20,405
2011-10-21,404
2011-10-22,403
2011-10-23,402
2011-10-24,401
2011-10-25,400
2011-10-26,399
2011-10-27,398
2011-10-28,397
2011-10-29,396
2011-10-30,395
2011-10-31,394
2011-11-01,393
2011-11-02,392
2011-11-03,391
2011-11-04,390
2011-11-05,389
2011-11-06,388
2011-11-07,387
2011-11-08,386
2011-11-09,385
2011-11-10,384
2011-11-11,383
2011-11-12,382
2011-11-13,381
2011-11-14,380
2011-11-15,379
2011-11-16,378
2011-11-17,377
2011-11-18,376
2011-11-19,375
2011-11-20,374
2011-11-21,373
2011-11-22,372
2011-11-23,371
2011-11-24,370
2011-11-25,369
2011-11-26,368
2011-11-27,367
2011-11-28,366
2011-11-29,365
2011-11-30,364
2011-12-01,363
2011-12-02,362
2011-12-03,361
2011-12-04,360
2011-12-05,359
2011-12-06,358
2011-12-07,357
2011-12-08,356
2011-12-09,355
2011-12-10,354
2011-12-11,353
2011-12-12,352
2011-12-13,351
2011-12-14,350
2011-12-15,349
2011-12-16,348
2011-12-17,347
2011-12-18,346
2011-12-19,345
2011-12-20,344
2011-12-21,343
2011-12-22,342
2011-12-23,341
2011-12-24,340
2011-12-25,339
2011-12-26,338
2011-12-27,337
2011-12-28,336
2011-12-29,335
2011-12-30,334
2011-12-31,333
2012-01-01,332
2012-01-02,331
2012-01-03,330
2012-01-04,329
2012-01-05,328
2012-01-06,327
2012-01-07,326
2012-01-08,325
2012-01-09,324
2012-01-10,323
2012-01-11,322
2012-01-12,321
2012-01-13,320
2012-01-14,319
2012-01-15,318
2012-01-16,317
2012-01-17,316
2012-01-18,315
2012-01-19,314
2012-01-20,313
2012-01-21,312
2012-01-22,311
2012-01-23,310
2012-01-24,309
2012-01-25,308
2012-01-26,307
2012-01-27,306
2012-01-28,305
2012-01-29,304
2012-01-30,303
2012-01-31,302
2012-02-01,301
2012-02-02,300
2012-02-03,299
2012-02-04,298
2012-02-05,297
2012-02-06,296
2012-02-07,295
2012-02-08,294
2012-02-09,293
2012-02-10,292
2012-02-11,291
2012-02-12,290
2012-02-13,289
2012-02-14,288
2012-02-15,287
2012-02-16,286
2012-02-17,285
2012-02-18,284
2012-02-19,283
2012-02-20,282
2012-02-21,281
2012-02-22,280
2012-02-23,279
2012-02-24,278
2012-02-25,277
2012-02-26,276
2012-02-27,275
2012-02-28,274
2012-02-29,273
2012-03-01,272
2012-03-02,271
2012-03-03,270
2012-03-04,269
2012-03-05,268
2012-03-06,267
2012-03-07,266
2012-03-08,265
2012-03-09,264
2012-03-10,263
2012-03-11,262
2012-03-12,261
2012-03-13,260
2012-03-14,259
2012-03-15,258
2012-03-16,257
2012-03-17,256
2012-03-18,255
2012-03-19,254
2012-03-20,253
2012-03-21,252
2012-03-22,251
2012-03-23,250
2012-03-24,249
2012-03-25,248
2012-03-26,247
2012-03-27,246
2012-03-28,245
2012-03-29,244
2012-03-30,243
2012-03-31,242
2012-04-01,241
2012-04-02,240
2012-04-03,239
2012-04-04,238
2012-04-05,237
2012-04-06,236
2012-04-07,235
2012-04-08,234
2012-04-09,233
2012-04-10,232
2012-04-11,231
2012-04-12,230
2012-04-13,229
2012-04-14,228
2012-04-15,227
2012-04-16,226
2012-04-17,225
2012-04-18,224
2012-04-19,223
2012-04-20,222
2012-04-21,221
2012-04-22,220
2012-04-23,219
2012-04-24,218
2012-04-25,217
2012-04-26,216
2012-04-27,215
2012-04-28,214
2012-04-29,213
2012-04-30,212
2012-05-01,211
2012-05-02,210
2012-05-03,209
2012-05-04,208
2012-05-05,207
2012-05-06,206
2012-05-07,205
2012-05-08,204
2012-05-09,203
2012-05-10,202
2012-05-11,201
2012-05-12,200
2012-05-13,199
2012-05-14,198
2012-05-15,197
2012-05-16,196
2012-05-17,195
2012-05-18,194
2012-05-19,193
2012-05-20,192
2012-05-21,191
2012-05-22,190
2012-05-23,189
2012-05-24,188
2012-05-25,187
2012-05-26,186
2012-05-27,185
2012-05-28,184
2012-05-29,183
2012-05-30,182
2012-05-31,181
2012-06-01,180
2012-06-02,179
2012-06-03,178
2012-06-04,177
2012-06-05,176
2012-06-06,175
2012-06-07,174
2012-06-08,173
2012-06-09,172
2012-06-10,171
2012-06-11,170
2012-06-12,169
2012-06-13,168
2012-06-14,167
2012-06-15,166
2012-06-16,165
2012-06-17,164
2012-06-18,163
2012-06-19,162
2012-06-20,161
2012-06-21,160
2012-06-22,159
2012-06-23,158
2012-06-24,157
2012-06-25,156
2012-06-26,155
2012-06-27,154
2012-06-28,153
2012-06-29,152
2012-06-30,151
2012-07-01,150
2012-07-02,149
2012-07-03,148
2012-07-04,147
2012-07-05,146
2012-07-06,145
2012-07-07,144
2012-07-08,143
2012-07-09,142
2012-07-10,141
2012-07-11,140
2012-07-12,139
2012-07-13,138
2012-07-14,137
2012-07-15,136
2012-07-16,135
2012-07-17,134
2012-07-18,133
2012-07-19,132
2012-07-20,131
2012-07-21,130
2012-07-22,129
2012-07-23,128
2012-07-24,127
2012-07-25,126
2012-07-26,125
2012-07-27,124
2012-07-28,123
2012-07-29,122
2012-07-30,121
2012-07-31,120
2012-08-01,119
2012-08-02,118
2012-08-03,117
2012-08-04,116
2012-08-05,115
2012-08-06,114
2012-08-07,113
2012-08-08,112
2012-08-09,111
2012-08-10,110
2012-08-11,109
2012-08-12,108
2012-08-13,107
2012-08-14,106
2012-08-15,105
2012-08-16,104
2012-08-17,103
2012-08-18,102
2012-08-19,101
2012-08-20,100
2012-08-21,99
2012-08-22,98
2012-08-23,97
2012-08-24,96
2012-08-25,95
2012-08-26,94
2012-08-27,93
2012-08-28,92
2012-08-29,91
2012-08-30,90
2012-08-31,89
2012-09-01,88
2012-09-02,87
2012-09-03,86
2012-09-04,85
2012-09-05,84
2012-09-06,83
2012-09-07,82
2012-09-08,81
2012-09-09,80
2012-09-10,79
2012-09-11,78
2012-09-12,77
2012-09-13,76
2012-09-14,75
2012-09-15,74
2012-09-16,73
2012-09-17,72
2012-09-18,71
2012-09-19,70
2012-09-20,69
2012-09-21,68
2012-09-22,67
2012-09-23,66
2012-09-24,65
2012-09-25,64
2012-09-26,63
2012-09-27,62
2012-09-28,61
2012-09-29,60
2012-09-30,59
2012-10-01,58
2012-10-02,57
2012-10-03,56
2012-10-04,55
2012-10-05,54
2012-10-06,53
2012-10-07,52
2012-10-08,51
2012-10-09,50
2012-10-10,49
2012-10-11,48
2012-10-12,47
2012-10-13,46
2012-10-14,45
2012-10-15,44
2012-10-16,43
2012-10-17,42
2012-10-18,41
2012-10-19,40
2012-10-20,39
2012-10-21,38
2012-10-22,37
2012-10-23,36
2012-10-24,35
2012-10-25,34
2012-10-26,33
2012-10-27,32
2012-10-28,31
2012-10-29,30
2012-10-30,29
2012-10-31,28
2012-11-01,27
2012-11-02,26
2012-11-03,25
2012-11-04,24
2012-11-05,23
2012-11-06,22
2012-11-07,21
2012-11-08,20
2012-11-09,19
2012-11-10,18
2012-11-11,17
2012-11-12,16
2012-11-13,15
2012-11-14,14
2012-11-15,13
2012-11-16,12
2012-11-17,11
2012-11-18,10
2012-11-19,9
2012-11-20,8
2012-11-21,7
2012-11-22,6
2012-11-23,5
2012-11-24,4
2012-11-25,3
2012-11-26,2
2012-11-27,1
2012-11-28,0
2012-11-29,0
2012-11-30,1317
2012-12-01,1316
2012-12-02,1315
2012-12-03,1314
2012-12-04,1313
2012-12-05,1312
2012-12-06,1311
2012-12-07,1310
2012-12-08,1309
2012-12-09,1308
2012-12-10,1307
2012-12-11,1306
2012-12-12,1305
2012-12-13,1304
2012-12-14,1303
2012-12-15,1302
2012-12-16,1301
2012-12-17,1300
2012-12-18,1299
2012-12-19,1298
2012-12-20,1297
2012-12-21,1296
2012-12-22,1295
2012-12-23,1294
2012-12-24,1293
2012-12-25,1292
2012-12-26,1291
2012-12-27,1290
2012-12-28,1289
2012-12-29,1288
2012-12-30,1287
2012-12-31,1286
2013-01-01,1285
2013-01-02,1284
2013-01-03,1283
2013-01-04,1282
2013-01-05,1281
2013-01-06,1280
2013-01-07,1279
2013-01-08,1278
2013-01-09,1277
2013-01-10,1276
2013-01-11,1275
2013-01-12,1274
2013-01-13,1273
2013-01-14,1272
2013-01-15,1271
2013-01-16,1270
2013-01-17,1269
2013-01-18,1268
2013-01-19,1267
2013-01-20,1266
2013-01-21,1265
2013-01-22,1264
2013-01-23,1263
2013-01-24,1262
2013-01-25,1261
2013-01-26,1260
2013-01-27,1259
2013-01-28,1258
2013-01-29,1257
2013-01-30,1256
2013-01-31,1255
2013-02-01,1254
2013-02-02,1253
2013-02-03,1252
2013-02-04,1251
2013-02-05,1250
2013-02-06,1249
2013-02-07,1248
2013-02-08,1247
2013-02-09,1246
2013-02-10,1245
2013-02-11,1244
2013-02-12,1243
2013-02-13,1242
2013-02-14,1241
2013-02-15,1240
2013-02-16,1239
2013-02-17,1238
2013-02-18,1237
2013-02-19,1236
2013-02-20,1235
2013-02-21,1234
2013-02-22,1233
2013-02-23,1232
2013-02-24,1231
2013-02-25,1230
2013-02-26,1229
2013-02-27,1228
2013-02-28,1227
2013-03-01,1226
2013-03-02,1225
2013-03-03,1224
2013-03-04,1223
2013-03-05,1222
2013-03-06,1221
2013-03-07,1220
2013-03-08,1219
2013-03-09,1218
2013-03-10,1217
2013-03-11,1216
2013-03-12,1215
2013-03-13,1214
2013-03-14,1213
2013-03-15,1212
2013-03-16,1211
2013-03-17,1210
2013-03-18,1209
2013-03-19,1208
2013-03-20,1207
2013-03-21,1206
2013-03-22,1205
2013-03-23,1204
2013-03-24,1203
2013-03-25,1202
2013-03-26,1201
2013-03-27,1200
2013-03-28,1199
2013-03-29,1198
2013-03-30,1197
2013-03-31,1196
2013-04-01,1195
2013-04-02,1194
2013-04-03,1193
2013-04-04,1192
2013-04-05,1191
2013-04-06,1190
2013-04-07,1189
2013-04-08,1188
2013-04-09,1187
2013-04-10,1186
2013-04-11,1185
2013-04-12,1184
2013-04-13,1183
2013-04-14,1182
2013-04-15,1181
2013-04-16,1180
2013-04-17,1179
2013-04-18,1178
2013-04-19,1177
2013-04-20,1176
2013-04-21,1175
2013-04-22,1174
2013-04-23,1173
2013-04-24,1172
2013-04-25,1171
2013-04-26,1170
2013-04-27,1169
2013-04-28,1168
2013-04-29,1167
2013-04-30,1166
2013-05-01,1165
2013-05-02,1164
2013-05-03,1163
2013-05-04,1162
2013-05-05,1161
2013-05-06,1160
2013-05-07,1159
2013-05-08,1158
2013-05-09,1157
2013-05-10,1156
2013-05-11,1155
2013-05-12,1154
2013-05-13,1153
2013-05-14,1152
2013-05-15,1151
2013-05-16,1150
2013-05-17,1149
2013-05-18,1148
2013-05-19,1147
2013-05-20,1146
2013-05-21,1145
2013-05-22,1144
2013-05-23,1143
2013-05-24,1142
2013-05-25,1141
2013-05-26,1140
2013-05-27,1139
2013-05-28,1138
2013-05-29,1137
2013-05-30,1136
2013-05-31,1135
2013-06-01,1134
2013-06-02,1133
2013-06-03,1132
2013-06-04,1131
2013-06-05,1130
2013-06-06,1129
2013-06-07,1128
2013-06-08,1127
2013-06-09,1126
2013-06-10,1125
2013-06-11,1124
2013-06-12,1123
2013-06-13,1122
2013-06-14,1121
2013-06-15,1120
2013-06-16,1119
2013-06-17,1118
2013-06-18,1117
2013-06-19,1116
2013-06-20,1115
2013-06-21,1114
2013-06-22,1113
2013-06-23,1112
2013-06-24,1111
2013-06-25,1110
2013-06-26,1109
2013-06-27,1108
2013-06-28,1107
2013-06-29,1106
2013-06-30,1105
2013-07-01,1104
2013-07-02,1103
2013-07-03,1102
2013-07-04,1101
2013-07-05,1100
2013-07-06,1099
2013-07-07,1098
2013-07-08,1097
2013-07-09,1096
2013-07-10,1095
2013-07-11,1094
2013-07-12,1093
2013-07-13,1092
2013-07-14,1091
2013-07-15,1090
2013-07-16,1089
2013-07-17,1088
2013-07-18,1087
2013-07-19,1086
2013-07-20,1085
2013-07-21,1084
2013-07-22,1083
2013-07-23,1082
2013-07-24,1081
2013-07-25,1080
2013-07-26,1079
2013-07-27,1078
2013-07-28,1077
2013-07-29,1076
2013-07-30,1075
2013-07-31,1074
2013-08-01,1073
2013-08-02,1072
2013-08-03,1071
2013-08-04,1070
2013-08-05,1069
2013-08-06,1068
2013-08-07,1067
2013-08-08,1066
2013-08-09,1065
2013-08-10,1064
2013-08-11,1063
2013-08-12,1062
2013-08-13,1061
2013-08-14,1060
2013-08-15,1059
2013-08-16,1058
2013-08-17,1057
2013-08-18,1056
2013-08-19,1055
2013-08-20,1054
2013-08-21,1053
2013-08-22,1052
2013-08-23,1051
2013-08-24,1050
2013-08-25,1049
2013-08-26,1048
2013-08-27,1047
2013-08-28,1046
2013-08-29,1045
2013-08-30,1044
2013-08-31,1043
2013-09-01,1042
2013-09-02,1041
2013-09-03,1040
2013-09-04,1039
2013-09-05,1038
2013-09-06,1037
2013-09-07,1036
2013-09-08,1035
2013-09-09,1034
2013-09-10,1033
2013-09-11,1032
2013-09-12,1031
2013-09-13,1030
2013-09-14,1029
2013-09-15,1028
2013-09-16,1027
2013-09-17,1026
2013-09-18,1025
2013-09-19,1024
2013-09-20,1023
2013-09-21,1022
2013-09-22,1021
2013-09-23,1020
2013-09-24,1019
2013-09-25,1018
2013-09-26,1017
2013-09-27,1016
2013-09-28,1015
2013-09-29,1014
2013-09-30,1013
2013-10-01,1012
2013-10-02,1011
2013-10-03,1010
2013-10-04,1009
2013-10-05,1008
2013-10-06,1007
2013-10-07,1006
2013-10-08,1005
2013-10-09,1004
2013-10-10,1003
2013-10-11,1002
2013-10-12,1001
2013-10-13,1000
2013-10-14,999
2013-10-15,998
2013-10-16,997
2013-10-17,996
2013-10-18,995
2013-10-19,994
2013-10-20,993
2013-10-21,992
2013-10-22,991
2013-10-23,990
2013-10-24,989
2013-10-25,988
2013-10-26,987
2013-10-27,986
2013-10-28,985
2013-10-29,984
2013-10-30,983
2013-10-31,982
2013-11-01,981
2013-11-02,980
2013-11-03,979
2013-11-04,978
2013-11-05,977
2013-11-06,976
2013-11-07,975
2013-11-08,974
2013-11-09,973
2013-11-10,972
2013-11-11,971
2013-11-12,970
2013-11-13,969
2013-11-14,968
2013-11-15,967
2013-11-16,966
2013-11-17,965
2013-11-18,964
2013-11-19,963
2013-11-20,962
2013-11-21,961
2013-11-22,960
2013-11-23,959
2013-11-24,958
2013-11-25,957
2013-11-26,956
2013-11-27,955
2013-11-28,954
2013-11-29,953
2013-11-30,952
2013-12-01,951
2013-12-02,950
2013-12-03,949
2013-12-04,948
2013-12-05,947
2013-12-06,946
2013-12-07,945
2013-12-08,944
2013-12-09,943
2013-12-10,942
2013-12-11,941
2013-12-12,940
2013-12-13,939
2013-12-14,938
2013-12-15,937
2013-12-16,936
2013-12-17,935
2013-12-18,934
2013-12-19,933
2013-12-20,932
2013-12-21,931
2013-12-22,930
2013-12-23,929
2013-12-24,928
2013-12-25,927
2013-12-26,926
2013-12-27,925
2013-12-28,924
2013-12-29,923
2013-12-30,922
2013-12-31,921
2014-01-01,920
2014-01-02,919
2014-01-03,918
2014-01-04,917
2014-01-05,916
2014-01-06,915
2014-01-07,914
2014-01-08,913
2014-01-09,912
2014-01-10,911
2014-01-11,910
2014-01-12,909
2014-01-13,908
2014-01-14,907
2014-01-15,906
2014-01-16,905
2014-01-17,904
2014-01-18,903
2014-01-19,902
2014-01-20,901
2014-01-21,900
2014-01-22,899
2014-01-23,898
2014-01-24,897
2014-01-25,896
2014-01-26,895
2014-01-27,894
2014-01-28,893
2014-01-29,892
2014-01-30,891
2014-01-31,890
2014-02-01,889
2014-02-02,888
2014-02-03,887
2014-02-04,886
2014-02-05,885
2014-02-06,884
2014-02-07,883
2014-02-08,882
2014-02-09,881
2014-02-10,880
2014-02-11,879
2014-02-12,878
2014-02-13,877
2014-02-14,876
2014-02-15,875
2014-02-16,874
2014-02-17,873
2014-02-18,872
2014-02-19,871
2014-02-20,870
2014-02-21,869
2014-02-22,868
2014-02-23,867
2014-02-24,866
2014-02-25,865
2014-02-26,864
2014-02-27,863
2014-02-28,862
2014-03-01,861
2014-03-02,860
2014-03-03,859
2014-03-04,858
2014-03-05,857
2014-03-06,856
2014-03-07,855
2014-03-08,854
2014-03-09,853
2014-03-10,852
2014-03-11,851
2014-03-12,850
2014-03-13,849
2014-03-14,848
2014-03-15,847
2014-03-16,846
2014-03-17,845
2014-03-18,844
2014-03-19,843
2014-03-20,842
2014-03-21,841
2014-03-22,840
2014-03-23,839
2014-03-24,838
2014-03-25,837
2014-03-26,836
2014-03-27,835
2014-03-28,834
2014-03-29,833
2014-03-30,832
2014-03-31,831
2014-04-01,830
2014-04-02,829
2014-04-03,828
2014-04-04,827
2014-04-05,826
2014-04-06,825
2014-04-07,824
2014-04-08,823
2014-04-09,822
2014-04-10,821
2014-04-11,820
2014-04-12,819
2014-04-13,818
2014-04-14,817
2014-04-15,816
2014-04-16,815
2014-04-17,814
2014-04-18,813
2014-04-19,812
2014-04-20,811
2014-04-21,810
2014-04-22,809
2014-04-23,808
2014-04-24,807
2014-04-25,806
2014-04-26,805
2014-04-27,804
2014-04-28,803
2014-04-29,802
2014-04-30,801
2014-05-01,800
2014-05-02,799
2014-05-03,798
2014-05-04,797
2014-05-05,796
2014-05-06,795
2014-05-07,794
2014-05-08,793
2014-05-09,792
2014-05-10,791
2014-05-11,790
2014-05-12,789
2014-05-13,788
2014-05-14,787
2014-05-15,786
2014-05-16,785
2014-05-17,784
2014-05-18,783
2014-05-19,782
2014-05-20,781
2014-05-21,780
2014-05-22,779
2014-05-23,778
2014-05-24,777
2014-05-25,776
2014-05-26,775
2014-05-27,774
2014-05-28,773
2014-05-29,772
2014-05-30,771
2014-05-31,770
2014-06-01,769
2014-06-02,768
2014-06-03,767
2014-06-04,766
2014-06-05,765
2014-06-06,764
2014-06-07,763
2014-06-08,762
2014-06-09,761
2014-06-10,760
2014-06-11,759
2014-06-12,758
2014-06-13,757
2014-06-14,756
2014-06-15,755
2014-06-16,754
2014-06-17,753
2014-06-18,752
2014-06-19,751
2014-06-20,750
2014-06-21,749
2014-06-22,748
2014-06-23,747
2014-06-24,746
2014-06-25,745
2014-06-26,744
2014-06-27,743
2014-06-28,742
2014-06-29,741
2014-06-30,740
2014-07-01,739
2014-07-02,738
2014-07-03,737
2014-07-04,736
2014-07-05,735
2014-07-06,734
2014-07-07,733
2014-07-08,732
2014-07-09,731
2014-07-10,730
2014-07-11,729
2014-07-12,728
2014-07-13,727
2014-07-14,726
2014-07-15,725
2014-07-16,724
2014-07-17,723
2014-07-18,722
2014-07-19,721
2014-07-20,720
2014-07-21,719
2014-07-22,718
2014-07-23,717
2014-07-24,716
2014-07-25,715
2014-07-26,714
2014-07-27,713
2014-07-28,712
2014-07-29,711
2014-07-30,710
2014-07-31,709
2014-08-01,708
2014-08-02,707
2014-08-03,706
2014-08-04,705
2014-08-05,704
2014-08-06,703
2014-08-07,702
2014-08-08,701
2014-08-09,700
2014-08-10,699
2014-08-11,698
2014-08-12,697
2014-08-13,696
2014-08-14,695
2014-08-15,694
2014-08-16,693
2014-08-17,692
2014-08-18,691
2014-08-19,690
2014-08-20,689
2014-08-21,688
2014-08-22,687
2014-08-23,686
2014-08-24,685
2014-08-25,684
2014-08-26,683
2014-08-27,682
2014-08-28,681
2014-08-29,680
2014-08-30,679
2014-08-31,678
2014-09-01,677
2014-09-02,676
2014-09-03,675
2014-09-04,674
2014-09-05,673
2014-09-06,672
2014-09-07,671
2014-09-08,670
2014-09-09,669
2014-09-10,668
2014-09-11,667
2014-09-12,666
2014-09-13,665
2014-09-14,664
2014-09-15,663
2014-09-16,662
2014-09-17,661
2014-09-18,660
2014-09-19,659
2014-09-20,658
2014-09-21,657
2014-09-22,656
2014-09-23,655
2014-09-24,654
2014-09-25,653
2014-09-26,652
2014-09-27,651
2014-09-28,650
2014-09-29,649
2014-09-30,648
2014-10-01,647
2014-10-02,646
2014-10-03,645
2014-10-04,644
2014-10-05,643
2014-10-06,642
2014-10-07,641
2014-10-08,640
2014-10-09,639
2014-10-10,638
2014-10-11,637
2014-10-12,636
2014-10-13,635
2014-10-14,634
2014-10-15,633
2014-10-16,632
2014-10-17,631
2014-10-18,630
2014-10-19,629
2014-10-20,628
2014-10-21,627
2014-10-22,626
2014-10-23,625
2014-10-24,624
2014-10-25,623
2014-10-26,622
2014-10-27,621
2014-10-28,620
2014-10-29,619
2014-10-30,618
2014-10-31,617
2014-11-01,616
2014-11-02,615
2014-11-03,614
2014-11-04,613
2014-11-05,612
2014-11-06,611
2014-11-07,610
2014-11-08,609
2014-11-09,608
2014-11-10,607
2014-11-11,606
2014-11-12,605
2014-11-13,604
2014-11-14,603
2014-11-15,602
2014-11-16,601
2014-11-17,600
2014-11-18,599
2014-11-19,598
2014-11-20,597
2014-11-21,596
2014-11-22,595
2014-11-23,594
2014-11-24,593
2014-11-25,592
2014-11-26,591
2014-11-27,590
2014-11-28,589
2014-11-29,588
2014-11-30,587
2014-12-01,586
2014-12-02,585
2014-12-03,584
2014-12-04,583
2014-12-05,582
2014-12-06,581
2014-12-07,580
2014-12-08,579
2014-12-09,578
2014-12-10,577
2014-12-11,576
2014-12-12,575
2014-12-13,574
2014-12-14,573
2014-12-15,572
2014-12-16,571
2014-12-17,570
2014-12-18,569
2014-12-19,568
2014-12-20,567
2014-12-21,566
2014-12-22,565
2014-12-23,564
2014-12-24,563
2014-12-25,562
2014-12-26,561
2014-12-27,560
2014-12-28,559
2014-12-29,558
2014-12-30,557
2014-12-31,556
2015-01-01,555
2015-01-02,554
2015-01-03,553
2015-01-04,552
2015-01-05,551
2015-01-06,550
2015-01-07,549
2015-01-08,548
2015-01-09,547
2015-01-10,546
2015-01-11,545
2015-01-12,544
2015-01-13,543
2015-01-14,542
2015-01-15,541
2015-01-16,540
2015-01-17,539
2015-01-18,538
2015-01-19,537
2015-01-20,536
2015-01-21,535
2015-01-22,534
2015-01-23,533
2015-01-24,532
2015-01-25,531
2015-01-26,530
2015-01-27,529
2015-01-28,528
2015-01-29,527
2015-01-30,526
2015-01-31,525
2015-02-01,524
2015-02-02,523
2015-02-03,522
2015-02-04,521
2015-02-05,520
2015-02-06,519
2015-02-07,518
2015-02-08,517
2015-02-09,516
2015-02-10,515
2015-02-11,514
2015-02-12,513
2015-02-13,512
2015-02-14,511
2015-02-15,510
2015-02-16,509
2015-02-17,508
2015-02-18,507
2015-02-19,506
2015-02-20,505
2015-02-21,504
2015-02-22,503
2015-02-23,502
2015-02-24,501
2015-02-25,500
2015-02-26,499
2015-02-27,498
2015-02-28,497
2015-03-01,496
2015-03-02,495
2015-03-03,494
2015-03-04,493
2015-03-05,492
2015-03-06,491
2015-03-07,490
2015-03-08,489
2015-03-09,488
2015-03-10,487
2015-03-11,486
2015-03-12,485
2015-03-13,484
2015-03-14,483
2015-03-15,482
2015-03-16,481
2015-03-17,480
2015-03-18,479
2015-03-19,478
2015-03-20,477
2015-03-21,476
2015-03-22,475
2015-03-23,474
2015-03-24,473
2015-03-25,472
2015-03-26,471
2015-03-27,470
2015-03-28,469
2015-03-29,468
2015-03-30,467
2015-03-31,466
2015-04-01,465
2015-04-02,464
2015-04-03,463
2015-04-04,462
2015-04-05,461
2015-04-06,460
2015-04-07,459
2015-04-08,458
2015-04-09,457
2015-04-10,456
2015-04-11,455
2015-04-12,454
2015-04-13,453
2015-04-14,452
2015-04-15,451
2015-04-16,450
2015-04-17,449
2015-04-18,448
2015-04-19,447
2015-04-20,446
2015-04-21,445
2015-04-22,444
2015-04-23,443
2015-04-24,442
2015-04-25,441
2015-04-26,440
2015-04-27,439
2015-04-28,438
2015-04-29,437
2015-04-30,436
2015-05-01,435
2015-05-02,434
2015-05-03,433
2015-05-04,432
2015-05-05,431
2015-05-06,430
2015-05-07,429
2015-05-08,428
2015-05-09,427
2015-05-10,426
2015-05-11,425
2015-05-12,424
2015-05-13,423
2015-05-14,422
2015-05-15,421
2015-05-16,420
2015-05-17,419
2015-05-18,418
2015-05-19,417
2015-05-20,416
2015-05-21,415
2015-05-22,414
2015-05-23,413
2015-05-24,412
2015-05-25,411
2015-05-26,410
2015-05-27,409
2015-05-28,408
2015-05-29,407
2015-05-30,406
2015-05-31,405
2015-06-01,404
2015-06-02,403
2015-06-03,402
2015-06-04,401
2015-06-05,400
2015-06-06,399
2015-06-07,398
2015-06-08,397
2015-06-09,396
2015-06-10,395
2015-06-11,394
2015-06-12,393
2015-06-13,392
2015-06-14,391
2015-06-15,390
2015-06-16,389
2015-06-17,388
2015-06-18,387
2015-06-19,386
2015-06-20,385
2015-06-21,384
2015-06-22,383
2015-06-23,382
2015-06-24,381
2015-06-25,380
2015-06-26,379
2015-06-27,378
2015-06-28,377
2015-06-29,376
2015-06-30,375
2015-07-01,374
2015-07-02,373
2015-07-03,372
2015-07-04,371
2015-07-05,370
2015-07-06,369
2015-07-07,368
2015-07-08,367
2015-07-09,366
2015-07-10,365
2015-07-11,364
2015-07-12,363
2015-07-13,362
2015-07-14,361
2015-07-15,360
2015-07-16,359
2015-07-17,358
2015-07-18,357
2015-07-19,356
2015-07-20,355
2015-07-21,354
2015-07-22,353
2015-07-23,352
2015-07-24,351
2015-07-25,350
2015-07-26,349
2015-07-27,348
2015-07-28,347
2015-07-29,346
2015-07-30,345
2015-07-31,344
2015-08-01,343
2015-08-02,342
2015-08-03,341
2015-08-04,340
2015-08-05,339
2015-08-06,338
2015-08-07,337
2015-08-08,336
2015-08-09,335
2015-08-10,334
2015-08-11,333
2015-08-12,332
2015-08-13,331
2015-08-14,330
2015-08-15,329
2015-08-16,328
2015-08-17,327
2015-08-18,326
2015-08-19,325
2015-08-20,324
2015-08-21,323
2015-08-22,322
2015-08-23,321
2015-08-24,320
2015-08-25,319
2015-08-26,318
2015-08-27,317
2015-08-28,316
2015-08-29,315
2015-08-30,314
2015-08-31,313
2015-09-01,312
2015-09-02,311
2015-09-03,310
2015-09-04,309
2015-09-05,308
2015-09-06,307
2015-09-07,306
2015-09-08,305
2015-09-09,304
2015-09-10,303
2015-09-11,302
2015-09-12,301
2015-09-13,300
2015-09-14,299
2015-09-15,298
2015-09-16,297
2015-09-17,296
2015-09-18,295
2015-09-19,294
2015-09-20,293
2015-09-21,292
2015-09-22,291
2015-09-23,290
2015-09-24,289
2015-09-25,288
2015-09-26,287
2015-09-27,286
2015-09-28,285
2015-09-29,284
2015-09-30,283
2015-10-01,282
2015-10-02,281
2015-10-03,280
2015-10-04,279
2015-10-05,278
2015-10-06,277
2015-10-07,276
2015-10-08,275
2015-10-09,274
2015-10-10,273
2015-10-11,272
2015-10-12,271
2015-10-13,270
2015-10-14,269
2015-10-15,268
2015-10-16,267
2015-10-17,266
2015-10-18,265
2015-10-19,264
2015-10-20,263
2015-10-21,262
2015-10-22,261
2015-10-23,260
2015-10-24,259
2015-10-25,258
2015-10-26,257
2015-10-27,256
2015-10-28,255
2015-10-29,254
2015-10-30,253
2015-10-31,252
2015-11-01,251
2015-11-02,250
2015-11-03,249
2015-11-04,248
2015-11-05,247
2015-11-06,246
2015-11-07,245
2015-11-08,244
2015-11-09,243
2015-11-10,242
2015-11-11,241
2015-11-12,240
2015-11-13,239
2015-11-14,238
2015-11-15,237
2015-11-16,236
2015-11-17,235
2015-11-18,234
2015-11-19,233
2015-11-20,232
2015-11-21,231
2015-11-22,230
2015-11-23,229
2015-11-24,228
2015-11-25,227
2015-11-26,226
2015-11-27,225
2015-11-28,224
2015-11-29,223
2015-11-30,222
2015-12-01,221
2015-12-02,220
2015-12-03,219
2015-12-04,218
2015-12-05,217
2015-12-06,216
2015-12-07,215
2015-12-08,214
2015-12-09,213
2015-12-10,212
2015-12-11,211
2015-12-12,210
2015-12-13,209
2015-12-14,208
2015-12-15,207
2015-12-16,206
2015-12-17,205
2015-12-18,204
2015-12-19,203
2015-12-20,202
2015-12-21,201
2015-12-22,200
2015-12-23,199
2015-12-24,198
2015-12-25,197
2015-12-26,196
2015-12-27,195
2015-12-28,194
2015-12-29,193
2015-12-30,192
2015-12-31,191
2016-01-01,190
2016-01-02,189
2016-01-03,188
2016-01-04,187
2016-01-05,186
2016-01-06,185
2016-01-07,184
2016-01-08,183
2016-01-09,182
2016-01-10,181
2016-01-11,180
2016-01-12,179
2016-01-13,178
2016-01-14,177
2016-01-15,176
2016-01-16,175
2016-01-17,174
2016-01-18,173
2016-01-19,172
2016-01-20,171
2016-01-21,170
2016-01-22,169
2016-01-23,168
2016-01-24,167
2016-01-25,166
2016-01-26,165
2016-01-27,164
2016-01-28,163
2016-01-29,162
2016-01-30,161
2016-01-31,160
2016-02-01,159
2016-02-02,158
2016-02-03,157
2016-02-04,156
2016-02-05,155
2016-02-06,154
2016-02-07,153
2016-02-08,152
2016-02-09,151
2016-02-10,150
2016-02-11,149
2016-02-12,148
2016-02-13,147
2016-02-14,146
2016-02-15,145
2016-02-16,144
2016-02-17,143
2016-02-18,142
2016-02-19,141
2016-02-20,140
2016-02-21,139
2016-02-22,138
2016-02-23,137
2016-02-24,136
2016-02-25,135
2016-02-26,134
2016-02-27,133
2016-02-28,132
2016-02-29,131
2016-03-01,130
2016-03-02,129
2016-03-03,128
2016-03-04,127
2016-03-05,126
2016-03-06,125
2016-03-07,124
2016-03-08,123
2016-03-09,122
2016-03-10,121
2016-03-11,120
2016-03-12,119
2016-03-13,118
2016-03-14,117
2016-03-15,116
2016-03-16,115
2016-03-17,114
2016-03-18,113
2016-03-19,112
2016-03-20,111
2016-03-21,110
2016-03-22,109
2016-03-23,108
2016-03-24,107
2016-03-25,106
2016-03-26,105
2016-03-27,104
2016-03-28,103
2016-03-29,102
2016-03-30,101
2016-03-31,100
2016-04-01,99
2016-04-02,98
2016-04-03,97
2016-04-04,96
2016-04-05,95
2016-04-06,94
2016-04-07,93
2016-04-08,92
2016-04-09,91
2016-04-10,90
2016-04-11,89
2016-04-12,88
2016-04-13,87
2016-04-14,86
2016-04-15,85
2016-04-16,84
2016-04-17,83
2016-04-18,82
2016-04-19,81
2016-04-20,80
2016-04-21,79
2016-04-22,78
2016-04-23,77
2016-04-24,76
2016-04-25,75
2016-04-26,74
2016-04-27,73
2016-04-28,72
2016-04-29,71
2016-04-30,70
2016-05-01,69
2016-05-02,68
2016-05-03,67
2016-05-04,66
2016-05-05,65
2016-05-06,64
2016-05-07,63
2016-05-08,62
2016-05-09,61
2016-05-10,60
2016-05-11,59
2016-05-12,58
2016-05-13,57
2016-05-14,56
2016-05-15,55
2016-05-16,54
2016-05-17,53
2016-05-18,52
2016-05-19,51
2016-05-20,50
2016-05-21,49
2016-05-22,48
2016-05-23,47
2016-05-24,46
2016-05-25,45
2016-05-26,44
2016-05-27,43
2016-05-28,42
2016-05-29,41
2016-05-30,40
2016-05-31,39
2016-06-01,38
2016-06-02,37
2016-06-03,36
2016-06-04,35
2016-06-05,34
2016-06-06,33
2016-06-07,32
2016-06-08,31
2016-06-09,30
2016-06-10,29
2016-06-11,28
2016-06-12,27
2016-06-13,26
2016-06-14,25
2016-06-15,24
2016-06-16,23
2016-06-17,22
2016-06-18,21
2016-06-19,20
2016-06-20,19
2016-06-21,18
2016-06-22,17
2016-06-23,16
2016-06-24,15
2016-06-25,14
2016-06-26,13
2016-06-27,12
2016-06-28,11
2016-06-29,10
2016-06-30,9
2016-07-01,8
2016-07-02,7
2016-07-03,6
2016-07-04,5
2016-07-05,4
2016-07-06,3
2016-07-07,2
2016-07-08,1
2016-07-09,0
2016-07-10,0
2016-07-11,1400
2016-07-12,1399
2016-07-13,1398
2016-07-14,1397
2016-07-15,1396
2016-07-16,1395
2016-07-17,1394
2016-07-18,1393
2016-07-19,1392
2016-07-20,1391
2016-07-21,1390
2016-07-22,1389
2016-07-23,1388
2016-07-24,1387
2016-07-25,1386
2016-07-26,1385
2016-07-27,1384
2016-07-28,1383
2016-07-29,1382
2016-07-30,1381
2016-07-31,1380
2016-08-01,1379
2016-08-02,1378
2016-08-03,1377
2016-08-04,1376
2016-08-05,1375
2016-08-06,1374
2016-08-07,1373
2016-08-08,1372
2016-08-09,1371
2016-08-10,1370
2016-08-11,1369
2016-08-12,1368
2016-08-13,1367
2016-08-14,1366
2016-08-15,1365
2016-08-16,1364
2016-08-17,1363
2016-08-18,1362
2016-08-19,1361
2016-08-20,1360
2016-08-21,1359
2016-08-22,1358
2016-08-23,1357
2016-08-24,1356
2016-08-25,1355
2016-08-26,1354
2016-08-27,1353
2016-08-28,1352
2016-08-29,1351
2016-08-30,1350
2016-08-31,1349
2016-09-01,1348
2016-09-02,1347
2016-09-03,1346
2016-09-04,1345
2016-09-05,1344
2016-09-06,1343
2016-09-07,1342
2016-09-08,1341
2016-09-09,1340
2016-09-10,1339
2016-09-11,1338
2016-09-12,1337
2016-09-13,1336
2016-09-14,1335
2016-09-15,1334
2016-09-16,1333
2016-09-17,1332
2016-09-18,1331
2016-09-19,1330
2016-09-20,1329
2016-09-21,1328
2016-09-22,1327
2016-09-23,1326
2016-09-24,1325
2016-09-25,1324
2016-09-26,1323
2016-09-27,1322
2016-09-28,1321
2016-09-29,1320
2016-09-30,1319
2016-10-01,1318
2016-10-02,1317
2016-10-03,1316
2016-10-04,1315
2016-10-05,1314
2016-10-06,1313
2016-10-07,1312
2016-10-08,1311
2016-10-09,1310
2016-10-10,1309
2016-10-11,1308
2016-10-12,1307
2016-10-13,1306
2016-10-14,1305
2016-10-15,1304
2016-10-16,1303
2016-10-17,1302
2016-10-18,1301
2016-10-19,1300
2016-10-20,1299
2016-10-21,1298
2016-10-22,1297
2016-10-23,1296
2016-10-24,1295
2016-10-25,1294
2016-10-26,1293
2016-10-27,1292
2016-10-28,1291
2016-10-29,1290
2016-10-30,1289
2016-10-31,1288
2016-11-01,1287
2016-11-02,1286
2016-11-03,1285
2016-11-04,1284
2016-11-05,1283
2016-11-06,1282
2016-11-07,1281
2016-11-08,1280
2016-11-09,1279
2016-11-10,1278
2016-11-11,1277
2016-11-12,1276
2016-11-13,1275
2016-11-14,1274
2016-11-15,1273
2016-11-16,1272
2016-11-17,1271
2016-11-18,1270
2016-11-19,1269
2016-11-20,1268
2016-11-21,1267
2016-11-22,1266
2016-11-23,1265
2016-11-24,1264
2016-11-25,1263
2016-11-26,1262
2016-11-27,1261
2016-11-28,1260
2016-11-29,1259
2016-11-30,1258
2016-12-01,1257
2016-12-02,1256
2016-12-03,1255
2016-12-04,1254
2016-12-05,1253
2016-12-06,1252
2016-12-07,1251
2016-12-08,1250
2016-12-09,1249
2016-12-10,1248
2016-12-11,1247
2016-12-12,1246
2016-12-13,1245
2016-12-14,1244
2016-12-15,1243
2016-12-16,1242
2016-12-17,1241
2016-12-18,1240
2016-12-19,1239
2016-12-20,1238
2016-12-21,1237
2016-12-22,1236
2016-12-23,1235
2016-12-24,1234
2016-12-25,1233
2016-12-26,1232
2016-12-27,1231
2016-12-28,1230
2016-12-29,1229
2016-12-30,1228
2016-12-31,1227
2017-01-01,1226
2017-01-02,1225
2017-01-03,1224
2017-01-04,1223
2017-01-05,1222
2017-01-06,1221
2017-01-07,1220
2017-01-08,1219
2017-01-09,1218
2017-01-10,1217
2017-01-11,1216
2017-01-12,1215
2017-01-13,1214
2017-01-14,1213
2017-01-15,1212
2017-01-16,1211
2017-01-17,1210
2017-01-18,1209
2017-01-19,1208
2017-01-20,1207
2017-01-21,1206
2017-01-22,1205
2017-01-23,1204
2017-01-24,1203
2017-01-25,1202
2017-01-26,1201
2017-01-27,1200
2017-01-28,1199
2017-01-29,1198
2017-01-30,1197
2017-01-31,1196
2017-02-01,1195
2017-02-02,1194
2017-02-03,1193
2017-02-04,1192
2017-02-05,1191
2017-02-06,1190
2017-02-07,1189
2017-02-08,1188
2017-02-09,1187
2017-02-10,1186
2017-02-11,1185
2017-02-12,1184
2017-02-13,1183
2017-02-14,1182
2017-02-15,1181
2017-02-16,1180
2017-02-17,1179
2017-02-18,1178
2017-02-19,1177
2017-02-20,1176
2017-02-21,1175
2017-02-22,1174
2017-02-23,1173
2017-02-24,1172
2017-02-25,1171
2017-02-26,1170
2017-02-27,1169
2017-02-28,1168
2017-03-01,1167
2017-03-02,1166
2017-03-03,1165
2017-03-04,1164
2017-03-05,1163
2017-03-06,1162
2017-03-07,1161
2017-03-08,1160
2017-03-09,1159
2017-03-10,1158
2017-03-11,1157
2017-03-12,1156
2017-03-13,1155
2017-03-14,1154
2017-03-15,1153
2017-03-16,1152
2017-03-17,1151
2017-03-18,1150
2017-03-19,1149
2017-03-20,1148
2017-03-21,1147
2017-03-22,1146
2017-03-23,1145
2017-03-24,1144
2017-03-25,1143
2017-03-26,1142
2017-03-27,1141
2017-03-28,1140
2017-03-29,1139
2017-03-30,1138
2017-03-31,1137
2017-04-01,1136
2017-04-02,1135
2017-04-03,1134
2017-04-04,1133
2017-04-05,1132
2017-04-06,1131
2017-04-07,1130
2017-04-08,1129
2017-04-09,1128
2017-04-10,1127
2017-04-11,1126
2017-04-12,1125
2017-04-13,1124
2017-04-14,1123
2017-04-15,1122
2017-04-16,1121
2017-04-17,1120
2017-04-18,1119
2017-04-19,1118
2017-04-20,1117
2017-04-21,1116
2017-04-22,1115
2017-04-23,1114
2017-04-24,1113
2017-04-25,1112
2017-04-26,1111
2017-04-27,1110
2017-04-28,1109
2017-04-29,1108
2017-04-30,1107
2017-05-01,1106
2017-05-02,1105
2017-05-03,1104
2017-05-04,1103
2017-05-05,1102
2017-05-06,1101
2017-05-07,1100
2017-05-08,1099
2017-05-09,1098
2017-05-10,1097
2017-05-11,1096
2017-05-12,1095
2017-05-13,1094
2017-05-14,1093
2017-05-15,1092
2017-05-16,1091
2017-05-17,1090
2017-05-18,1089
2017-05-19,1088
2017-05-20,1087
2017-05-21,1086
2017-05-22,1085
2017-05-23,1084
2017-05-24,1083
2017-05-25,1082
2017-05-26,1081
2017-05-27,1080
2017-05-28,1079
2017-05-29,1078
2017-05-30,1077
2017-05-31,1076
2017-06-01,1075
2017-06-02,1074
2017-06-03,1073
2017-06-04,1072
2017-06-05,1071
2017-06-06,1070
2017-06-07,1069
2017-06-08,1068
2017-06-09,1067
2017-06-10,1066
2017-06-11,1065
2017-06-12,1064
2017-06-13,1063
2017-06-14,1062
2017-06-15,1061
2017-06-16,1060
2017-06-17,1059
2017-06-18,1058
2017-06-19,1057
2017-06-20,1056
2017-06-21,1055
2017-06-22,1054
2017-06-23,1053
2017-06-24,1052
2017-06-25,1051
2017-06-26,1050
2017-06-27,1049
2017-06-28,1048
2017-06-29,1047
2017-06-30,1046
2017-07-01,1045
2017-07-02,1044
2017-07-03,1043
2017-07-04,1042
2017-07-05,1041
2017-07-06,1040
2017-07-07,1039
2017-07-08,1038
2017-07-09,1037
2017-07-10,1036
2017-07-11,1035
2017-07-12,1034
2017-07-13,1033
2017-07-14,1032
2017-07-15,1031
2017-07-16,1030
2017-07-17,1029
2017-07-18,1028
2017-07-19,1027
2017-07-20,1026
2017-07-21,1025
2017-07-22,1024
2017-07-23,1023
2017-07-24,1022
2017-07-25,1021
2017-07-26,1020
2017-07-27,1019
2017-07-28,1018
2017-07-29,1017
2017-07-30,1016
2017-07-31,1015
2017-08-01,1014
2017-08-02,1013
2017-08-03,1012
2017-08-04,1011
2017-08-05,1010
2017-08-06,1009
2017-08-07,1008
2017-08-08,1007
2017-08-09,1006
2017-08-10,1005
2017-08-11,1004
2017-08-12,1003
2017-08-13,1002
2017-08-14,1001
2017-08-15,1000
2017-08-16,999
2017-08-17,998
2017-08-18,997
2017-08-19,996
2017-08-20,995
2017-08-21,994
2017-08-22,993
2017-08-23,992
2017-08-24,991
2017-08-25,990
2017-08-26,989
2017-08-27,988
2017-08-28,987
2017-08-29,986
2017-08-30,985
2017-08-31,984
2017-09-01,983
2017-09-02,982
2017-09-03,981
2017-09-04,980
2017-09-05,979
2017-09-06,978
2017-09-07,977
2017-09-08,976
2017-09-09,975
2017-09-10,974
2017-09-11,973
2017-09-12,972
2017-09-13,971
2017-09-14,970
2017-09-15,969
2017-09-16,968
2017-09-17,967
2017-09-18,966
2017-09-19,965
2017-09-20,964
2017-09-21,963
2017-09-22,962
2017-09-23,961
2017-09-24,960
2017-09-25,959
2017-09-26,958
2017-09-27,957
2017-09-28,956
2017-09-29,955
2017-09-30,954
2017-10-01,953
2017-10-02,952
2017-10-03,951
2017-10-04,950
2017-10-05,949
2017-10-06,948
2017-10-07,947
2017-10-08,946
2017-10-09,945
2017-10-10,944
2017-10-11,943
2017-10-12,942
2017-10-13,941
2017-10-14,940
2017-10-15,939
2017-10-16,938
2017-10-17,937
2017-10-18,936
2017-10-19,935
2017-10-20,934
2017-10-21,933
2017-10-22,932
2017-10-23,931
2017-10-24,930
2017-10-25,929
2017-10-26,928
2017-10-27,927
2017-10-28,926
2017-10-29,925
2017-10-30,924
2017-10-31,923
2017-11-01,922
2017-11-02,921
2017-11-03,920
2017-11-04,919
2017-11-05,918
2017-11-06,917
2017-11-07,916
2017-11-08,915
2017-11-09,914
2017-11-10,913
2017-11-11,912
2017-11-12,911
2017-11-13,910
2017-11-14,909
2017-11-15,908
2017-11-16,907
2017-11-17,906
2017-11-18,905
2017-11-19,904
2017-11-20,903
2017-11-21,902
2017-11-22,901
2017-11-23,900
2017-11-24,899
2017-11-25,898
2017-11-26,897
2017-11-27,896
2017-11-28,895
2017-11-29,894
2017-11-30,893
2017-12-01,892
2017-12-02,891
2017-12-03,890
2017-12-04,889
2017-12-05,888
2017-12-06,887
2017-12-07,886
2017-12-08,885
2017-12-09,884
2017-12-10,883
2017-12-11,882
2017-12-12,881
2017-12-13,880
2017-12-14,879
2017-12-15,878
2017-12-16,877
2017-12-17,876
2017-12-18,875
2017-12-19,874
2017-12-20,873
2017-12-21,872
2017-12-22,871
2017-12-23,870
2017-12-24,869
2017-12-25,868
2017-12-26,867
2017-12-27,866
2017-12-28,865
2017-12-29,864
2017-12-30,863
2017-12-31,862
2018-01-01,861
2018-01-02,860
2018-01-03,859
2018-01-04,858
2018-01-05,857
2018-01-06,856
2018-01-07,855
2018-01-08,854
2018-01-09,853
2018-01-10,852
2018-01-11,851
2018-01-12,850
2018-01-13,849
2018-01-14,848
2018-01-15,847
2018-01-16,846
2018-01-17,845
2018-01-18,844
2018-01-19,843
2018-01-20,842
2018-01-21,841
2018-01-22,840
2018-01-23,839
2018-01-24,838
2018-01-25,837
2018-01-26,836
2018-01-27,835
2018-01-28,834
2018-01-29,833
2018-01-30,832
2018-01-31,831
2018-02-01,830
2018-02-02,829
2018-02-03,828
2018-02-04,827
2018-02-05,826
2018-02-06,825
2018-02-07,824
2018-02-08,823
2018-02-09,822
2018-02-10,821
2018-02-11,820
2018-02-12,819
2018-02-13,818
2018-02-14,817
2018-02-15,816
2018-02-16,815
2018-02-17,814
2018-02-18,813
2018-02-19,812
2018-02-20,811
2018-02-21,810
2018-02-22,809
2018-02-23,808
2018-02-24,807
2018-02-25,806
2018-02-26,805
2018-02-27,804
2018-02-28,803
2018-03-01,802
2018-03-02,801
2018-03-03,800
2018-03-04,799
2018-03-05,798
2018-03-06,797
2018-03-07,796
2018-03-08,795
2018-03-09,794
2018-03-10,793
2018-03-11,792
2018-03-12,791
2018-03-13,790
2018-03-14,789
2018-03-15,788
2018-03-16,787
2018-03-17,786
2018-03-18,785
2018-03-19,784
2018-03-20,783
2018-03-21,782
2018-03-22,781
2018-03-23,780
2018-03-24,779
2018-03-25,778
2018-03-26,777
2018-03-27,776
2018-03-28,775
2018-03-29,774
2018-03-30,773
2018-03-31,772
2018-04-01,771
2018-04-02,770
2018-04-03,769
2018-04-04,768
2018-04-05,767
2018-04-06,766
2018-04-07,765
2018-04-08,764
2018-04-09,763
2018-04-10,762
2018-04-11,761
2018-04-12,760
2018-04-13,759
2018-04-14,758
2018-04-15,757
2018-04-16,756
2018-04-17,755
2018-04-18,754
2018-04-19,753
2018-04-20,752
2018-04-21,751
2018-04-22,750
2018-04-23,749
2018-04-24,748
2018-04-25,747
2018-04-26,746
2018-04-27,745
2018-04-28,744
2018-04-29,743
2018-04-30,742
2018-05-01,741
2018-05-02,740
2018-05-03,739
2018-05-04,738
2018-05-05,737
2018-05-06,736
2018-05-07,735
2018-05-08,734
2018-05-09,733
2018-05-10,732
2018-05-11,731
2018-05-12,730
2018-05-13,729
2018-05-14,728
2018-05-15,727
2018-05-16,726
2018-05-17,725
2018-05-18,724
2018-05-19,723
2018-05-20,722
2018-05-21,721
2018-05-22,720
2018-05-23,719
2018-05-24,718
2018-05-25,717
2018-05-26,716
2018-05-27,715
2018-05-28,714
2018-05-29,713
2018-05-30,712
2018-05-31,711
2018-06-01,710
2018-06-02,709
2018-06-03,708
2018-06-04,707
2018-06-05,706
2018-06-06,705
2018-06-07,704
2018-06-08,703
2018-06-09,702
2018-06-10,701
2018-06-11,700
2018-06-12,699
2018-06-13,698
2018-06-14,697
2018-06-15,696
2018-06-16,695
2018-06-17,694
2018-06-18,693
2018-06-19,692
2018-06-20,691
2018-06-21,690
2018-06-22,689
2018-06-23,688
2018-06-24,687
2018-06-25,686
2018-06-26,685
2018-06-27,684
2018-06-28,683
2018-06-29,682
2018-06-30,681
2018-07-01,680
2018-07-02,679
2018-07-03,678
2018-07-04,677
2018-07-05,676
2018-07-06,675
2018-07-07,674
2018-07-08,673
2018-07-09,672
2018-07-10,671
2018-07-11,670
2018-07-12,669
2018-07-13,668
2018-07-14,667
2018-07-15,666
2018-07-16,665
2018-07-17,664
2018-07-18,663
2018-07-19,662
2018-07-20,661
2018-07-21,660
2018-07-22,659
2018-07-23,658
2018-07-24,657
2018-07-25,656
2018-07-26,655
2018-07-27,654
2018-07-28,653
2018-07-29,652
2018-07-30,651
2018-07-31,650
2018-08-01,649
2018-08-02,648
2018-08-03,647
2018-08-04,646
2018-08-05,645
2018-08-06,644
2018-08-07,643
2018-08-08,642
2018-08-09,641
2018-08-10,640
2018-08-11,639
2018-08-12,638
2018-08-13,637
2018-08-14,636
2018-08-15,635
2018-08-16,634
2018-08-17,633
2018-08-18,632
2018-08-19,631
2018-08-20,630
2018-08-21,629
2018-08-22,628
2018-08-23,627
2018-08-24,626
2018-08-25,625
2018-08-26,624
2018-08-27,623
2018-08-28,622
2018-08-29,621
2018-08-30,620
2018-08-31,619
2018-09-01,618
2018-09-02,617
2018-09-03,616
2018-09-04,615
2018-09-05,614
2018-09-06,613
2018-09-07,612
2018-09-08,611
2018-09-09,610
2018-09-10,609
2018-09-11,608
2018-09-12,607
2018-09-13,606
2018-09-14,605
2018-09-15,604
2018-09-16,603
2018-09-17,602
2018-09-18,601
2018-09-19,600
2018-09-20,599
2018-09-21,598
2018-09-22,597
2018-09-23,596
2018-09-24,595
2018-09-25,594
2018-09-26,593
2018-09-27,592
2018-09-28,591
2018-09-29,590
2018-09-30,589
2018-10-01,588
2018-10-02,587
2018-10-03,586
2018-10-04,585
2018-10-05,584
2018-10-06,583
2018-10-07,582
2018-10-08,581
2018-10-09,580
2018-10-10,579
2018-10-11,578
2018-10-12,577
2018-10-13,576
2018-10-14,575
2018-10-15,574
2018-10-16,573
2018-10-17,572
2018-10-18,571
2018-10-19,570
2018-10-20,569
2018-10-21,568
2018-10-22,567
2018-10-23,566
2018-10-24,565
2018-10-25,564
2018-10-26,563
2018-10-27,562
2018-10-28,561
2018-10-29,560
2018-10-30,559
2018-10-31,558
2018-11-01,557
2018-11-02,556
2018-11-03,555
2018-11-04,554
2018-11-05,553
2018-11-06,552
2018-11-07,551
2018-11-08,550
2018-11-09,549
2018-11-10,548
2018-11-11,547
2018-11-12,546
2018-11-13,545
2018-11-14,544
2018-11-15,543
2018-11-16,542
2018-11-17,541
2018-11-18,540
2018-11-19,539
2018-11-20,538
2018-11-21,537
2018-11-22,536
2018-11-23,535
2018-11-24,534
2018-11-25,533
2018-11-26,532
2018-11-27,531
2018-11-28,530
2018-11-29,529
2018-11-30,528
2018-12-01,527
2018-12-02,526
2018-12-03,525
2018-12-04,524
2018-12-05,523
2018-12-06,522
2018-12-07,521
2018-12-08,520
2018-12-09,519
2018-12-10,518
2018-12-11,517
2018-12-12,516
2018-12-13,515
2018-12-14,514
2018-12-15,513
2018-12-16,512
2018-12-17,511
2018-12-18,510
2018-12-19,509
2018-12-20,508
2018-12-21,507
2018-12-22,506
2018-12-23,505
2018-12-24,504
2018-12-25,503
2018-12-26,502
2018-12-27,501
2018-12-28,500
2018-12-29,499
2018-12-30,498
2018-12-31,497
2019-01-01,496
2019-01-02,495
2019-01-03,494
2019-01-04,493
2019-01-05,492
2019-01-06,491
2019-01-07,490
2019-01-08,489
2019-01-09,488
2019-01-10,487
2019-01-11,486
2019-01-12,485
2019-01-13,484
2019-01-14,483
2019-01-15,482
2019-01-16,481
2019-01-17,480
2019-01-18,479
2019-01-19,478
2019-01-20,477
2019-01-21,476
2019-01-22,475
2019-01-23,474
2019-01-24,473
2019-01-25,472
2019-01-26,471
2019-01-27,470
2019-01-28,469
2019-01-29,468
2019-01-30,467
2019-01-31,466
2019-02-01,465
2019-02-02,464
2019-02-03,463
2019-02-04,462
2019-02-05,461
2019-02-06,460
2019-02-07,459
2019-02-08,458
2019-02-09,457
2019-02-10,456
2019-02-11,455
2019-02-12,454
2019-02-13,453
2019-02-14,452
2019-02-15,451
2019-02-16,450
2019-02-17,449
2019-02-18,448
2019-02-19,447
2019-02-20,446
2019-02-21,445
2019-02-22,444
2019-02-23,443
2019-02-24,442
2019-02-25,441
2019-02-26,440
2019-02-27,439
2019-02-28,438
2019-03-01,437
2019-03-02,436
2019-03-03,435
2019-03-04,434
2019-03-05,433
2019-03-06,432
2019-03-07,431
2019-03-08,430
2019-03-09,429
2019-03-10,428
2019-03-11,427
2019-03-12,426
2019-03-13,425
2019-03-14,424
2019-03-15,423
2019-03-16,422
2019-03-17,421
2019-03-18,420
2019-03-19,419
2019-03-20,418
2019-03-21,417
2019-03-22,416
2019-03-23,415
2019-03-24,414
2019-03-25,413
2019-03-26,412
2019-03-27,411
2019-03-28,410
2019-03-29,409
2019-03-30,408
2019-03-31,407
2019-04-01,406
2019-04-02,405
2019-04-03,404
2019-04-04,403
2019-04-05,402
2019-04-06,401
2019-04-07,400
2019-04-08,399
2019-04-09,398
2019-04-10,397
2019-04-11,396
2019-04-12,395
2019-04-13,394
2019-04-14,393
2019-04-15,392
2019-04-16,391
2019-04-17,390
2019-04-18,389
2019-04-19,388
2019-04-20,387
2019-04-21,386
2019-04-22,385
2019-04-23,384
2019-04-24,383
2019-04-25,382
2019-04-26,381
2019-04-27,380
2019-04-28,379
2019-04-29,378
2019-04-30,377
2019-05-01,376
2019-05-02,375
2019-05-03,374
2019-05-04,373
2019-05-05,372
2019-05-06,371
2019-05-07,370
2019-05-08,369
2019-05-09,368
2019-05-10,367
2019-05-11,366
2019-05-12,365
2019-05-13,364
2019-05-14,363
2019-05-15,362
2019-05-16,361
2019-05-17,360
2019-05-18,359
2019-05-19,358
2019-05-20,357
2019-05-21,356
2019-05-22,355
2019-05-23,354
2019-05-24,353
2019-05-25,352
2019-05-26,351
2019-05-27,350
2019-05-28,349
2019-05-29,348
2019-05-30,347
2019-05-31,346
2019-06-01,345
2019-06-02,344
2019-06-03,343
2019-06-04,342
2019-06-05,341
2019-06-06,340
2019-06-07,339
2019-06-08,338
2019-06-09,337
2019-06-10,336
2019-06-11,335
2019-06-12,334
2019-06-13,333
2019-06-14,332
2019-06-15,331
2019-06-16,330
2019-06-17,329
2019-06-18,328
2019-06-19,327
2019-06-20,326
2019-06-21,325
2019-06-22,324
2019-06-23,323
2019-06-24,322
2019-06-25,321
2019-06-26,320
2019-06-27,319
2019-06-28,318
2019-06-29,317
2019-06-30,316
2019-07-01,315
2019-07-02,314
2019-07-03,313
2019-07-04,312
2019-07-05,311
2019-07-06,310
2019-07-07,309
2019-07-08,308
2019-07-09,307
2019-07-10,306
2019-07-11,305
2019-07-12,304
2019-07-13,303
2019-07-14,302
2019-07-15,301
2019-07-16,300
2019-07-17,299
2019-07-18,298
2019-07-19,297
2019-07-20,296
2019-07-21,295
2019-07-22,294
2019-07-23,293
2019-07-24,292
2019-07-25,291
2019-07-26,290
2019-07-27,289
2019-07-28,288
2019-07-29,287
2019-07-30,286
2019-07-31,285
2019-08-01,284
2019-08-02,283
2019-08-03,282
2019-08-04,281
2019-08-05,280
2019-08-06,279
2019-08-07,278
2019-08-08,277
2019-08-09,276
2019-08-10,275
2019-08-11,274
2019-08-12,273
2019-08-13,272
2019-08-14,271
2019-08-15,270
2019-08-16,269
2019-08-17,268
2019-08-18,267
2019-08-19,266
2019-08-20,265
2019-08-21,264
2019-08-22,263
2019-08-23,262
2019-08-24,261
2019-08-25,260
2019-08-26,259
2019-08-27,258
2019-08-28,257
2019-08-29,256
2019-08-30,255
2019-08-31,254
2019-09-01,253
2019-09-02,252
2019-09-03,251
2019-09-04,250
2019-09-05,249
2019-09-06,248
2019-09-07,247
2019-09-08,246
2019-09-09,245
2019-09-10,244
2019-09-11,243
2019-09-12,242
2019-09-13,241
2019-09-14,240
2019-09-15,239
2019-09-16,238
2019-09-17,237
2019-09-18,236
2019-09-19,235
2019-09-20,234
2019-09-21,233
2019-09-22,232
2019-09-23,231
2019-09-24,230
2019-09-25,229
2019-09-26,228
2019-09-27,227
2019-09-28,226
2019-09-29,225
2019-09-30,224
2019-10-01,223
2019-10-02,222
2019-10-03,221
2019-10-04,220
2019-10-05,219
2019-10-06,218
2019-10-07,217
2019-10-08,216
2019-10-09,215
2019-10-10,214
2019-10-11,213
2019-10-12,212
2019-10-13,211
2019-10-14,210
2019-10-15,209
2019-10-16,208
2019-10-17,207
2019-10-18,206
2019-10-19,205
2019-10-20,204
2019-10-21,203
2019-10-22,202
2019-10-23,201
2019-10-24,200
2019-10-25,199
2019-10-26,198
2019-10-27,197
2019-10-28,196
2019-10-29,195
2019-10-30,194
2019-10-31,193
2019-11-01,192
2019-11-02,191
2019-11-03,190
2019-11-04,189
2019-11-05,188
2019-11-06,187
2019-11-07,186
2019-11-08,185
2019-11-09,184
2019-11-10,183
2019-11-11,182
2019-11-12,181
2019-11-13,180
2019-11-14,179
2019-11-15,178
2019-11-16,177
2019-11-17,176
2019-11-18,175
2019-11-19,174
2019-11-20,173
2019-11-21,172
2019-11-22,171
2019-11-23,170
2019-11-24,169
2019-11-25,168
2019-11-26,167
2019-11-27,166
2019-11-28,165
2019-11-29,164
2019-11-30,163
2019-12-01,162
2019-12-02,161
2019-12-03,160
2019-12-04,159
2019-12-05,158
2019-12-06,157
2019-12-07,156
2019-12-08,155
2019-12-09,154
2019-12-10,153
2019-12-11,152
2019-12-12,151
2019-12-13,150
2019-12-14,149
2019-12-15,148
2019-12-16,147
2019-12-17,146
2019-12-18,145
2019-12-19,144
2019-12-20,143
2019-12-21,142
2019-12-22,141
2019-12-23,140
2019-12-24,139
2019-12-25,138
2019-12-26,137
2019-12-27,136
2019-12-28,135
2019-12-29,134
2019-12-30,133
2019-12-31,132
2020-01-01,131
2020-01-02,130
2020-01-03,129
2020-01-04,128
2020-01-05,127
2020-01-06,126
2020-01-07,125
2020-01-08,124
2020-01-09,123
2020-01-10,122
2020-01-11,121
2020-01-12,120
2020-01-13,119
2020-01-14,118
2020-01-15,117
2020-01-16,116
2020-01-17,115
2020-01-18,114
2020-01-19,113
2020-01-20,112
2020-01-21,111
2020-01-22,110
2020-01-23,109
2020-01-24,108
2020-01-25,107
2020-01-26,106
2020-01-27,105
2020-01-28,104
2020-01-29,103
2020-01-30,102
2020-01-31,101
2020-02-01,100
2020-02-02,99
2020-02-03,98
2020-02-04,97
2020-02-05,96
2020-02-06,95
2020-02-07,94
2020-02-08,93
2020-02-09,92
2020-02-10,91
2020-02-11,90
2020-02-12,89
2020-02-13,88
2020-02-14,87
2020-02-15,86
2020-02-16,85
2020-02-17,84
2020-02-18,83
2020-02-19,82
2020-02-20,81
2020-02-21,80
2020-02-22,79
2020-02-23,78
2020-02-24,77
2020-02-25,76
2020-02-26,75
2020-02-27,74
2020-02-28,73
2020-02-29,72
2020-03-01,71
2020-03-02,70
2020-03-03,69
2020-03-04,68
2020-03-05,67
2020-03-06,66
2020-03-07,65
2020-03-08,64
2020-03-09,63
2020-03-10,62
2020-03-11,61
2020-03-12,60
2020-03-13,59
2020-03-14,58
2020-03-15,57
2020-03-16,56
2020-03-17,55
2020-03-18,54
2020-03-19,53
2020-03-20,52
2020-03-21,51
2020-03-22,50
2020-03-23,49
2020-03-24,48
2020-03-25,47
2020-03-26,46
2020-03-27,45
2020-03-28,44
2020-03-29,43
2020-03-30,42
2020-03-31,41
2020-04-01,40
2020-04-02,39
2020-04-03,38
2020-04-04,37
2020-04-05,36
2020-04-06,35
2020-04-07,34
2020-04-08,33
2020-04-09,32
2020-04-10,31
2020-04-11,30
2020-04-12,29
2020-04-13,28
2020-04-14,27
2020-04-15,26
2020-04-16,25
2020-04-17,24
2020-04-18,23
2020-04-19,22
2020-04-20,21
2020-04-21,20
2020-04-22,19
2020-04-23,18
2020-04-24,17
2020-04-25,16
2020-04-26,15
2020-04-27,14
2020-04-28,13
2020-04-29,12
2020-04-30,11
2020-05-01,10
2020-05-02,9
2020-05-03,8
2020-05-04,7
2020-05-05,6
2020-05-06,5
2020-05-07,4
2020-05-08,3
2020-05-09,2
2020-05-10,1
2020-05-11,0
2020-05-12,0
2020-05-13,1428
2020-05-14,1427
2020-05-15,1426
2020-05-16,1425
2020-05-17,1424
2020-05-18,1423
2020-05-19,1422
2020-05-20,1421
2020-05-21,1420
2020-05-22,1419
2020-05-23,1418
2020-05-24,1417
2020-05-25,1416
2020-05-26,1415
2020-05-27,1414
2020-05-28,1413
2020-05-29,1412
2020-05-30,1411
2020-05-31,1410
2020-06-01,1409
2020-06-02,1408
2020-06-03,1407
2020-06-04,1406
2020-06-05,1405
2020-06-06,1404
2020-06-07,1403
2020-06-08,1402
2020-06-09,1401
2020-06-10,1400
2020-06-11,1399
2020-06-12,1398
2020-06-13,1397
2020-06-14,1396
2020-06-15,1395
2020-06-16,1394
2020-06-17,1393
2020-06-18,1392
2020-06-19,1391
2020-06-20,1390
2020-06-21,1389
2020-06-22,1388
2020-06-23,1387
2020-06-24,1386
2020-06-25,1385
2020-06-26,1384
2020-06-27,1383
2020-06-28,1382
2020-06-29,1381
2020-06-30,1380
2020-07-01,1379
2020-07-02,1378
2020-07-03,1377
2020-07-04,1376
2020-07-05,1375
2020-07-06,1374
2020-07-07,1373
2020-07-08,1372
2020-07-09,1371
2020-07-10,1370
2020-07-11,1369
2020-07-12,1368
2020-07-13,1367
2020-07-14,1366
2020-07-15,1365
2020-07-16,1364
2020-07-17,1363
2020-07-18,1362
2020-07-19,1361
2020-07-20,1360
2020-07-21,1359
2020-07-22,1358
2020-07-23,1357
2020-07-24,1356
2020-07-25,1355
2020-07-26,1354
2020-07-27,1353
2020-07-28,1352
2020-07-29,1351
2020-07-30,1350
2020-07-31,1349
2020-08-01,1348
2020-08-02,1347
2020-08-03,1346
2020-08-04,1345
2020-08-05,1344
2020-08-06,1343
2020-08-07,1342
2020-08-08,1341
2020-08-09,1340
2020-08-10,1339
2020-08-11,1338
2020-08-12,1337
2020-08-13,1336
2020-08-14,1335
2020-08-15,1334
2020-08-16,1333
2020-08-17,1332
2020-08-18,1331
2020-08-19,1330
2020-08-20,1329
2020-08-21,1328
2020-08-22,1327
2020-08-23,1326
2020-08-24,1325
2020-08-25,1324
2020-08-26,1323
2020-08-27,1322
2020-08-28,1321
2020-08-29,1320
2020-08-30,1319
2020-08-31,1318
2020-09-01,1317
2020-09-02,1316
2020-09-03,1315
2020-09-04,1314
2020-09-05,1313
2020-09-06,1312
2020-09-07,1311
2020-09-08,1310
2020-09-09,1309
2020-09-10,1308
2020-09-11,1307
2020-09-12,1306
2020-09-13,1305
2020-09-14,1304
2020-09-15,1303
2020-09-16,1302
2020-09-17,1301
2020-09-18,1300
2020-09-19,1299
2020-09-20,1298
2020-09-21,1297
2020-09-22,1296
2020-09-23,1295
2020-09-24,1294
2020-09-25,1293
2020-09-26,1292
2020-09-27,1291
2020-09-28,1290
2020-09-29,1289
2020-09-30,1288
2020-10-01,1287
2020-10-02,1286
2020-10-03,1285
2020-10-04,1284
2020-10-05,1283
2020-10-06,1282
2020-10-07,1281
2020-10-08,1280
2020-10-09,1279
2020-10-10,1278
2020-10-11,1277
2020-10-12,1276
2020-10-13,1275
2020-10-14,1274
2020-10-15,1273
2020-10-16,1272
2020-10-17,1271
2020-10-18,1270
2020-10-19,1269
2020-10-20,1268
2020-10-21,1267
2020-10-22,1266
2020-10-23,1265
2020-10-24,1264
2020-10-25,1263
2020-10-26,1262
2020-10-27,1261
2020-10-28,1260
2020-10-29,1259
2020-10-30,1258
2020-10-31,1257
2020-11-01,1256
2020-11-02,1255
2020-11-03,1254
2020-11-04,1253
2020-11-05,1252
2020-11-06,1251
2020-11-07,1250
2020-11-08,1249
2020-11-09,1248
2020-11-10,1247
2020-11-11,1246
2020-11-12,1245
2020-11-13,1244
2020-11-14,1243
2020-11-15,1242
2020-11-16,1241
2020-11-17,1240
2020-11-18,1239
2020-11-19,1238
2020-11-20,1237
2020-11-21,1236
2020-11-22,1235
2020-11-23,1234
2020-11-24,1233
2020-11-25,1232
2020-11-26,1231
2020-11-27,1230
2020-11-28,1229
2020-11-29,1228
2020-11-30,1227
2020-12-01,1226
2020-12-02,1225
2020-12-03,1224
2020-12-04,1223
2020-12-05,1222
2020-12-06,1221
2020-12-07,1220
2020-12-08,1219
2020-12-09,1218
2020-12-10,1217
2020-12-11,1216
2020-12-12,1215
2020-12-13,1214
2020-12-14,1213
2020-12-15,1212
2020-12-16,1211
2020-12-17,1210
2020-12-18,1209
2020-12-19,1208
2020-12-20,1207
2020-12-21,1206
2020-12-22,1205
2020-12-23,1204
2020-12-24,1203
2020-12-25,1202
2020-12-26,1201
2020-12-27,1200
2020-12-28,1199
2020-12-29,1198
2020-12-30,1197
2020-12-31,1196
2021-01-01,1195
2021-01-02,1194
2021-01-03,1193
2021-01-04,1192
2021-01-05,1191
2021-01-06,1190
2021-01-07,1189
2021-01-08,1188
2021-01-09,1187
2021-01-10,1186
2021-01-11,1185
2021-01-12,1184
2021-01-13,1183
2021-01-14,1182
2021-01-15,1181
2021-01-16,1180
2021-01-17,1179
2021-01-18,1178
2021-01-19,1177
2021-01-20,1176
2021-01-21,1175
2021-01-22,1174
2021-01-23,1173
2021-01-24,1172
2021-01-25,1171
2021-01-26,1170
2021-01-27,1169
2021-01-28,1168
2021-01-29,1167
2021-01-30,1166
2021-01-31,1165
2021-02-01,1164
2021-02-02,1163
2021-02-03,1162
2021-02-04,1161
2021-02-05,1160
2021-02-06,1159
2021-02-07,1158
2021-02-08,1157
2021-02-09,1156
2021-02-10,1155
2021-02-11,1154
2021-02-12,1153
2021-02-13,1152
2021-02-14,1151
2021-02-15,1150
2021-02-16,1149
2021-02-17,1148
2021-02-18,1147
2021-02-19,1146
2021-02-20,1145
2021-02-21,1144
2021-02-22,1143
2021-02-23,1142
2021-02-24,1141
2021-02-25,1140
2021-02-26,1139
2021-02-27,1138
2021-02-28,1137
2021-03-01,1136
2021-03-02,1135
2021-03-03,1134
2021-03-04,1133
2021-03-05,1132
2021-03-06,1131
2021-03-07,1130
2021-03-08,1129
2021-03-09,1128
2021-03-10,1127
2021-03-11,1126
2021-03-12,1125
2021-03-13,1124
2021-03-14,1123
2021-03-15,1122
2021-03-16,1121
2021-03-17,1120
2021-03-18,1119
2021-03-19,1118
2021-03-20,1117
2021-03-21,1116
2021-03-22,1115
2021-03-23,1114
2021-03-24,1113
2021-03-25,1112
2021-03-26,1111
2021-03-27,1110
2021-03-28,1109
2021-03-29,1108
2021-03-30,1107
2021-03-31,1106
2021-04-01,1105
2021-04-02,1104
2021-04-03,1103
2021-04-04,1102
2021-04-05,1101
2021-04-06,1100
2021-04-07,1099
2021-04-08,1098
2021-04-09,1097
2021-04-10,1096
2021-04-11,1095
2021-04-12,1094
2021-04-13,1093
2021-04-14,1092
2021-04-15,1091
2021-04-16,1090
2021-04-17,1089
2021-04-18,1088
2021-04-19,1087
2021-04-20,1086
2021-04-21,1085
2021-04-22,1084
2021-04-23,1083
2021-04-24,1082
2021-04-25,1081
2021-04-26,1080
2021-04-27,1079
2021-04-28,1078
2021-04-29,1077
2021-04-30,1076
2021-05-01,1075
2021-05-02,1074
2021-05-03,1073
2021-05-04,1072
2021-05-05,1071
2021-05-06,1070
2021-05-07,1069
2021-05-08,1068
2021-05-09,1067
2021-05-10,1066
2021-05-11,1065
2021-05-12,1064
2021-05-13,1063
2021-05-14,1062
2021-05-15,1061
2021-05-16,1060
2021-05-17,1059
2021-05-18,1058
2021-05-19,1057
2021-05-20,1056
2021-05-21,1055
2021-05-22,1054
2021-05-23,1053
2021-05-24,1052
2021-05-25,1051
2021-05-26,1050
2021-05-27,1049
2021-05-28,1048
2021-05-29,1047
2021-05-30,1046
2021-05-31,1045
2021-06-01,1044
2021-06-02,1043
2021-06-03,1042
2021-06-04,1041
2021-06-05,1040
2021-06-06,1039
2021-06-07,1038
2021-06-08,1037
2021-06-09,1036
2021-06-10,1035
2021-06-11,1034
2021-06-12,1033
2021-06-13,1032
2021-06-14,1031
2021-06-15,1030
2021-06-16,1029
2021-06-17,1028
2021-06-18,1027
2021-06-19,1026
2021-06-20,1025
2021-06-21,1024
2021-06-22,1023
2021-06-23,1022
2021-06-24,1021
2021-06-25,1020
2021-06-26,1019
2021-06-27,1018
2021-06-28,1017
2021-06-29,1016
2021-06-30,1015
2021-07-01,1014
2021-07-02,1013
2021-07-03,1012
2021-07-04,1011
2021-07-05,1010
2021-07-06,1009
2021-07-07,1008
2021-07-08,1007
2021-07-09,1006
2021-07-10,1005
2021-07-11,1004
2021-07-12,1003
2021-07-13,1002
2021-07-14,1001
2021-07-15,1000
2021-07-16,999
2021-07-17,998
2021-07-18,997
2021-07-19,996
2021-07-20,995
2021-07-21,994
2021-07-22,993
2021-07-23,992
2021-07-24,991
2021-07-25,990
2021-07-26,989
2021-07-27,988
2021-07-28,987
2021-07-29,986
2021-07-30,985
2021-07-31,984
2021-08-01,983
2021-08-02,982
2021-08-03,981
2021-08-04,980
2021-08-05,979
2021-08-06,978
2021-08-07,977
2021-08-08,976
2021-08-09,975
2021-08-10,974
2021-08-11,973
2021-08-12,972
2021-08-13,971
2021-08-14,970
2021-08-15,969
2021-08-16,968
2021-08-17,967
2021-08-18,966
2021-08-19,965
2021-08-20,964
2021-08-21,963
2021-08-22,962
2021-08-23,961
2021-08-24,960
2021-08-25,959
2021-08-26,958
2021-08-27,957
2021-08-28,956
2021-08-29,955
2021-08-30,954
2021-08-31,953
2021-09-01,952
2021-09-02,951
2021-09-03,950
2021-09-04,949
2021-09-05,948
2021-09-06,947
2021-09-07,946
2021-09-08,945
2021-09-09,944
2021-09-10,943
2021-09-11,942
2021-09-12,941
2021-09-13,940
2021-09-14,939
2021-09-15,938
2021-09-16,937
2021-09-17,936
2021-09-18,935
2021-09-19,934
2021-09-20,933
2021-09-21,932
2021-09-22,931
2021-09-23,930
2021-09-24,929
2021-09-25,928
2021-09-26,927
2021-09-27,926
2021-09-28,925
2021-09-29,924
2021-09-30,923
2021-10-01,922
2021-10-02,921
2021-10-03,920
2021-10-04,919
2021-10-05,918
2021-10-06,917
2021-10-07,916
2021-10-08,915
2021-10-09,914
2021-10-10,913
2021-10-11,912
2021-10-12,911
2021-10-13,910
2021-10-14,909
2021-10-15,908
2021-10-16,907
2021-10-17,906
2021-10-18,905
2021-10-19,904
2021-10-20,903
2021-10-21,902
2021-10-22,901
2021-10-23,900
2021-10-24,899
2021-10-25,898
2021-10-26,897
2021-10-27,896
2021-10-28,895
2021-10-29,894
2021-10-30,893
2021-10-31,892
2021-11-01,891
2021-11-02,890
2021-11-03,889
2021-11-04,888
2021-11-05,887
2021-11-06,886
2021-11-07,885
2021-11-08,884
2021-11-09,883
2021-11-10,882
2021-11-11,881
2021-11-12,880
2021-11-13,879
2021-11-14,878
2021-11-15,877
2021-11-16,876
2021-11-17,875
2021-11-18,874
2021-11-19,873
2021-11-20,872
2021-11-21,871
2021-11-22,870
2021-11-23,869
2021-11-24,868
2021-11-25,867
2021-11-26,866
2021-11-27,865
2021-11-28,864
2021-11-29,863
2021-11-30,862
2021-12-01,861
2021-12-02,860
2021-12-03,859
2021-12-04,858
2021-12-05,857
2021-12-06,856
2021-12-07,855
2021-12-08,854
2021-12-09,853
2021-12-10,852
2021-12-11,851
2021-12-12,850
2021-12-13,849
2021-12-14,848
2021-12-15,847
2021-12-16,846
2021-12-17,845
2021-12-18,844
2021-12-19,843
2021-12-20,842
2021-12-21,841
2021-12-22,840
2021-12-23,839
2021-12-24,838
2021-12-25,837
2021-12-26,836
2021-12-27,835
2021-12-28,834
2021-12-29,833
2021-12-30,832
2021-12-31,831
2022-01-01,830
2022-01-02,829
2022-01-03,828
2022-01-04,827
2022-01-05,826
2022-01-06,825
2022-01-07,824
2022-01-08,823
2022-01-09,822
2022-01-10,821
2022-01-11,820
2022-01-12,819
2022-01-13,818
2022-01-14,817
2022-01-15,816
2022-01-16,815
2022-01-17,814
2022-01-18,813
2022-01-19,812
2022-01-20,811
2022-01-21,810
2022-01-22,809
2022-01-23,808
2022-01-24,807
2022-01-25,806
2022-01-26,805
2022-01-27,804
2022-01-28,803
2022-01-29,802
2022-01-30,801
2022-01-31,800
2022-02-01,799
2022-02-02,798
2022-02-03,797
2022-02-04,796
2022-02-05,795
2022-02-06,794
2022-02-07,793
2022-02-08,792
2022-02-09,791
2022-02-10,790
2022-02-11,789
2022-02-12,788
2022-02-13,787
2022-02-14,786
2022-02-15,785
2022-02-16,784
2022-02-17,783
2022-02-18,782
2022-02-19,781
2022-02-20,780
2022-02-21,779
2022-02-22,778
2022-02-23,777
2022-02-24,776
2022-02-25,775
2022-02-26,774
2022-02-27,773
2022-02-28,772
2022-03-01,771
2022-03-02,770
2022-03-03,769
2022-03-04,768
2022-03-05,767
2022-03-06,766
2022-03-07,765
2022-03-08,764
2022-03-09,763
2022-03-10,762
2022-03-11,761
2022-03-12,760
2022-03-13,759
2022-03-14,758
2022-03-15,757
2022-03-16,756
2022-03-17,755
2022-03-18,754
2022-03-19,753
2022-03-20,752
2022-03-21,751
2022-03-22,750
2022-03-23,749
2022-03-24,748
2022-03-25,747
2022-03-26,746
2022-03-27,745
2022-03-28,744
2022-03-29,743
2022-03-30,742
2022-03-31,741
2022-04-01,740
2022-04-02,739
2022-04-03,738
2022-04-04,737
2022-04-05,736
2022-04-06,735
2022-04-07,734
2022-04-08,733
2022-04-09,732
2022-04-10,731
2022-04-11,730
2022-04-12,729
2022-04-13,728
2022-04-14,727
2022-04-15,726
2022-04-16,725
2022-04-17,724
2022-04-18,723
2022-04-19,722
2022-04-20,721
2022-04-21,720
2022-04-22,719
2022-04-23,718
2022-04-24,717
2022-04-25,716
2022-04-26,715
2022-04-27,714
2022-04-28,713
2022-04-29,712
2022-04-30,711
2022-05-01,710
2022-05-02,709
2022-05-03,708
2022-05-04,707
2022-05-05,706
2022-05-06,705
2022-05-07,704
2022-05-08,703
2022-05-09,702
2022-05-10,701
2022-05-11,700
2022-05-12,699
2022-05-13,698
2022-05-14,697
2022-05-15,696
2022-05-16,695
2022-05-17,694
2022-05-18,693
2022-05-19,692
2022-05-20,691
2022-05-21,690
2022-05-22,689
2022-05-23,688
2022-05-24,687
2022-05-25,686
2022-05-26,685
2022-05-27,684
2022-05-28,683
2022-05-29,682
2022-05-30,681
2022-05-31,680
2022-06-01,679
2022-06-02,678
2022-06-03,677
2022-06-04,676
2022-06-05,675
2022-06-06,674
2022-06-07,673
2022-06-08,672
2022-06-09,671
2022-06-10,670
2022-06-11,669
2022-06-12,668
2022-06-13,667
2022-06-14,666
2022-06-15,665
2022-06-16,664
2022-06-17,663
2022-06-18,662
2022-06-19,661
2022-06-20,660
2022-06-21,659
2022-06-22,658
2022-06-23,657
2022-06-24,656
2022-06-25,655
2022-06-26,654
2022-06-27,653
2022-06-28,652
2022-06-29,651
2022-06-30,650
2022-07-01,649
2022-07-02,648
2022-07-03,647
2022-07-04,646
2022-07-05,645
2022-07-06,644
2022-07-07,643
2022-07-08,642
2022-07-09,641
2022-07-10,640
2022-07-11,639
2022-07-12,638
2022-07-13,637
2022-07-14,636
2022-07-15,635
2022-07-16,634
2022-07-17,633
2022-07-18,632
2022-07-19,631
2022-07-20,630
2022-07-21,629
2022-07-22,628
2022-07-23,627
2022-07-24,626
2022-07-25,625
2022-07-26,624
2022-07-27,623
2022-07-28,622
2022-07-29,621
2022-07-30,620
2022-07-31,619
2022-08-01,618
2022-08-02,617
2022-08-03,616
2022-08-04,615
2022-08-05,614
2022-08-06,613
2022-08-07,612
2022-08-08,611
2022-08-09,610
2022-08-10,609
2022-08-11,608
2022-08-12,607
2022-08-13,606
2022-08-14,605
2022-08-15,604
2022-08-16,603
2022-08-17,602
2022-08-18,601
2022-08-19,600
2022-08-20,599
2022-08-21,598
2022-08-22,597
2022-08-23,596
2022-08-24,595
2022-08-25,594
2022-08-26,593
2022-08-27,592
2022-08-28,591
2022-08-29,590
2022-08-30,589
2022-08-31,588
2022-09-01,587
2022-09-02,586
2022-09-03,585
2022-09-04,584
2022-09-05,583
2022-09-06,582
2022-09-07,581
2022-09-08,580
2022-09-09,579
2022-09-10,578
2022-09-11,577
2022-09-12,576
2022-09-13,575
2022-09-14,574
2022-09-15,573
2022-09-16,572
2022-09-17,571
2022-09-18,570
2022-09-19,569
2022-09-20,568
2022-09-21,567
2022-09-22,566
2022-09-23,565
2022-09-24,564
2022-09-25,563
2022-09-26,562
2022-09-27,561
2022-09-28,560
2022-09-29,559
2022-09-30,558
2022-10-01,557
2022-10-02,556
2022-10-03,555
2022-10-04,554
2022-10-05,553
2022-10-06,552
2022-10-07,551
2022-10-08,550
2022-10-09,549
2022-10-10,548
2022-10-11,547
2022-10-12,546
2022-10-13,545
2022-10-14,544
2022-10-15,543
2022-10-16,542
2022-10-17,541
2022-10-18,540
2022-10-19,539
2022-10-20,538
2022-10-21,537
2022-10-22,536
2022-10-23,535
2022-10-24,534
2022-10-25,533
2022-10-26,532
2022-10-27,531
2022-10-28,530
2022-10-29,529
2022-10-30,528
2022-10-31,527
2022-11-01,526
2022-11-02,525
2022-11-03,524
2022-11-04,523
2022-11-05,522
2022-11-06,521
2022-11-07,520
2022-11-08,519
2022-11-09,518
2022-11-10,517
2022-11-11,516
2022-11-12,515
2022-11-13,514
2022-11-14,513
2022-11-15,512
2022-11-16,511
2022-11-17,510
2022-11-18,509
2022-11-19,508
2022-11-20,507
2022-11-21,506
2022-11-22,505
2022-11-23,504
2022-11-24,503
2022-11-25,502
2022-11-26,501
2022-11-27,500
2022-11-28,499
2022-11-29,498
2022-11-30,497
2022-12-01,496
2022-12-02,495
2022-12-03,494
2022-12-04,493
2022-12-05,492
2022-12-06,491
2022-12-07,490
2022-12-08,489
2022-12-09,488
2022-12-10,487
2022-12-11,486
2022-12-12,485
2022-12-13,484
2022-12-14,483
2022-12-15,482
2022-12-16,481
2022-12-17,480
2022-12-18,479
2022-12-19,478
2022-12-20,477
2022-12-21,476
2022-12-22,475
2022-12-23,474
2022-12-24,473
2022-12-25,472
2022-12-26,471
2022-12-27,470
2022-12-28,469
2022-12-29,468
2022-12-30,467
2022-12-31,466
2023-01-01,465
2023-01-02,464
2023-01-03,463
2023-01-04,462
2023-01-05,461
2023-01-06,460
2023-01-07,459
2023-01-08,458
2023-01-09,457
2023-01-10,456
2023-01-11,455
2023-01-12,454
2023-01-13,453
2023-01-14,452
2023-01-15,451
2023-01-16,450
2023-01-17,449
2023-01-18,448
2023-01-19,447
2023-01-20,446
2023-01-21,445
2023-01-22,444
2023-01-23,443
2023-01-24,442
2023-01-25,441
2023-01-26,440
2023-01-27,439
2023-01-28,438
2023-01-29,437
2023-01-30,436
2023-01-31,435
2023-02-01,434
2023-02-02,433
2023-02-03,432
2023-02-04,431
2023-02-05,430
2023-02-06,429
2023-02-07,428
2023-02-08,427
2023-02-09,426
2023-02-10,425
2023-02-11,424
2023-02-12,423
2023-02-13,422
2023-02-14,421
2023-02-15,420
2023-02-16,419
2023-02-17,418
2023-02-18,417
2023-02-19,416
2023-02-20,415
2023-02-21,414
2023-02-22,413
2023-02-23,412
2023-02-24,411
2023-02-25,410
2023-02-26,409
2023-02-27,408
2023-02-28,407
2023-03-01,406
2023-03-02,405
2023-03-03,404
2023-03-04,403
2023-03-05,402
2023-03-06,401
2023-03-07,400
2023-03-08,399
2023-03-09,398
2023-03-10,397
2023-03-11,396
2023-03-12,395
2023-03-13,394
2023-03-14,393
2023-03-15,392
2023-03-16,391
2023-03-17,390
2023-03-18,389
2023-03-19,388
2023-03-20,387
2023-03-21,386
2023-03-22,385
2023-03-23,384
2023-03-24,383
2023-03-25,382
2023-03-26,381
2023-03-27,380
2023-03-28,379
2023-03-29,378
2023-03-30,377
2023-03-31,376
2023-04-01,375
2023-04-02,374
2023-04-03,373
2023-04-04,372
2023-04-05,371
2023-04-06,370
2023-04-07,369
2023-04-08,368
2023-04-09,367
2023-04-10,366
2023-04-11,365
2023-04-12,364
2023-04-13,363
2023-04-14,362
2023-04-15,361
2023-04-16,360
2023-04-17,359
2023-04-18,358
2023-04-19,357
2023-04-20,356
2023-04-21,355
2023-04-22,354
2023-04-23,353
2023-04-24,352
2023-04-25,351
2023-04-26,350
2023-04-27,349
2023-04-28,348
2023-04-29,347
2023-04-30,346
2023-05-01,345
2023-05-02,344
2023-05-03,343
2023-05-04,342
2023-05-05,341
2023-05-06,340
2023-05-07,339
2023-05-08,338
2023-05-09,337
2023-05-10,336
2023-05-11,335
2023-05-12,334
2023-05-13,333
2023-05-14,332
2023-05-15,331
2023-05-16,330
2023-05-17,329
2023-05-18,328
2023-05-19,327
2023-05-20,326
2023-05-21,325
2023-05-22,324
2023-05-23,323
2023-05-24,322
2023-05-25,321
2023-05-26,320
2023-05-27,319
2023-05-28,318
2023-05-29,317
2023-05-30,316
2023-05-31,315
2023-06-01,314
2023-06-02,313
2023-06-03,312
2023-06-04,311
2023-06-05,310
2023-06-06,309
2023-06-07,308
2023-06-08,307
2023-06-09,306
2023-06-10,305
2023-06-11,304
2023-06-12,303
2023-06-13,302
2023-06-14,301
2023-06-15,300
2023-06-16,299
2023-06-17,298
2023-06-18,297
2023-06-19,296
2023-06-20,295
2023-06-21,294
2023-06-22,293
2023-06-23,292
2023-06-24,291
2023-06-25,290
2023-06-26,289
2023-06-27,288
2023-06-28,287
2023-06-29,286
2023-06-30,285
2023-07-01,284
2023-07-02,283
2023-07-03,282
2023-07-04,281
2023-07-05,280
2023-07-06,279
2023-07-07,278
2023-07-08,277
2023-07-09,276
2023-07-10,275
2023-07-11,274
2023-07-12,273
2023-07-13,272
2023-07-14,271
2023-07-15,270
2023-07-16,269
2023-07-17,268
2023-07-18,267
2023-07-19,266
2023-07-20,265
2023-07-21,264
2023-07-22,263
2023-07-23,262
2023-07-24,261
2023-07-25,260
2023-07-26,259
2023-07-27,258
2023-07-28,257
2023-07-29,256
2023-07-30,255
2023-07-31,254
2023-08-01,253
2023-08-02,252
2023-08-03,251
2023-08-04,250
2023-08-05,249
2023-08-06,248
2023-08-07,247
2023-08-08,246
2023-08-09,245
2023-08-10,244
2023-08-11,243
2023-08-12,242
2023-08-13,241
2023-08-14,240
2023-08-15,239
2023-08-16,238
2023-08-17,237
2023-08-18,236
2023-08-19,235
2023-08-20,234
2023-08-21,233
2023-08-22,232
2023-08-23,231
2023-08-24,230
2023-08-25,229
2023-08-26,228
2023-08-27,227
2023-08-28,226
2023-08-29,225
2023-08-30,224
2023-08-31,223
2023-09-01,222
2023-09-02,221
2023-09-03,220
2023-09-04,219
2023-09-05,218
2023-09-06,217
2023-09-07,216
2023-09-08,215
2023-09-09,214
2023-09-10,213
2023-09-11,212
2023-09-12,211
2023-09-13,210
2023-09-14,209
2023-09-15,208
2023-09-16,207
2023-09-17,206
2023-09-18,205
2023-09-19,204
2023-09-20,203
2023-09-21,202
2023-09-22,201
2023-09-23,200
2023-09-24,199
2023-09-25,198
2023-09-26,197
2023-09-27,196
2023-09-28,195
2023-09-29,194
2023-09-30,193
2023-10-01,192
2023-10-02,191
2023-10-03,190
2023-10-04,189
2023-10-05,188
2023-10-06,187
2023-10-07,186
2023-10-08,185
2023-10-09,184
2023-10-10,183
2023-10-11,182
2023-10-12,181
2023-10-13,180
2023-10-14,179
2023-10-15,178
2023-10-16,177
2023-10-17,176
2023-10-18,175
2023-10-19,174
2023-10-20,173
2023-10-21,172
2023-10-22,171
2023-10-23,170
2023-10-24,169
2023-10-25,168
2023-10-26,167
2023-10-27,166
2023-10-28,165
2023-10-29,164
2023-10-30,163
2023-10-31,162
2023-11-01,161
2023-11-02,160
2023-11-03,159
2023-11-04,158
2023-11-05,157
2023-11-06,156
2023-11-07,155
2023-11-08,154
2023-11-09,153
2023-11-10,152
